token,kind,occurrences,files,category,false_positive_note
-0.029,decimal,1,paper/sections/09_sensitivity.tex,COVERED_RESULT,
-0.045,decimal,1,paper/sections/09_sensitivity.tex,LITERATURE_OR_DESIGN,
-0.060,decimal,1,paper/sections/09_sensitivity.tex,LITERATURE_OR_DESIGN,
-0.07,decimal,1,paper/sections/02_literature.tex,LITERATURE_OR_DESIGN,
-0.075,decimal,1,paper/sections/09_sensitivity.tex,LITERATURE_OR_DESIGN,
-0.090,decimal,1,paper/sections/09_sensitivity.tex,LITERATURE_OR_DESIGN,
-0.10,decimal,1,paper/sections/02_literature.tex,LITERATURE_OR_DESIGN,
-0.475,decimal,1,paper/sections/09_sensitivity.tex,LITERATURE_OR_DESIGN,
-0.649,decimal,1,paper/sections/09_sensitivity.tex,LITERATURE_OR_DESIGN,
-0.823,decimal,1,paper/sections/09_sensitivity.tex,LITERATURE_OR_DESIGN,
-0.998,decimal,1,paper/sections/09_sensitivity.tex,LITERATURE_OR_DESIGN,
-11.7,decimal,1,paper/sections/06_shape.tex,LITERATURE_OR_DESIGN,
-18.9,decimal,1,paper/sections/06_shape.tex,LITERATURE_OR_DESIGN,
-20.7,decimal,1,paper/sections/06_shape.tex,LITERATURE_OR_DESIGN,
-29.6,decimal,1,paper/sections/06_shape.tex,LITERATURE_OR_DESIGN,
-33.3,decimal,1,paper/sections/06_shape.tex,LITERATURE_OR_DESIGN,
-4.8,decimal,1,paper/sections/06_shape.tex,LITERATURE_OR_DESIGN,
-45.3,decimal,1,paper/sections/06_shape.tex,LITERATURE_OR_DESIGN,
-5.9,decimal,1,paper/sections/06_shape.tex,LITERATURE_OR_DESIGN,
-51.5,decimal,1,paper/sections/06_shape.tex,LITERATURE_OR_DESIGN,
-61.1,decimal,1,paper/sections/06_shape.tex,LITERATURE_OR_DESIGN,
-68.8,decimal,1,paper/sections/06_shape.tex,LITERATURE_OR_DESIGN,
-83.9,decimal,1,paper/sections/06_shape.tex,LITERATURE_OR_DESIGN,
0.0,decimal,8,paper/appendices/a_validation.tex;paper/sections/07_stress.tex,LITERATURE_OR_DESIGN,
0.00,decimal,7,paper/appendices/a_validation.tex;paper/sections/07_stress.tex;paper/sections/08_fiscal.tex,LITERATURE_OR_DESIGN,
0.000,decimal,4,paper/sections/07_stress.tex;paper/sections/08_fiscal.tex;paper/sections/09_sensitivity.tex,LITERATURE_OR_DESIGN,
0.001,decimal,2,paper/sections/07_stress.tex;paper/sections/09_sensitivity.tex,LITERATURE_OR_DESIGN,
0.002,decimal,1,paper/sections/09_sensitivity.tex,LITERATURE_OR_DESIGN,
0.005,decimal,1,paper/sections/09_sensitivity.tex,LITERATURE_OR_DESIGN,
0.008,decimal,2,paper/sections/09_sensitivity.tex,COVERED_RESULT,
0.01,decimal,1,paper/sections/04_calibration.tex,COVERED_PARAM,
0.014,decimal,1,paper/sections/09_sensitivity.tex,LITERATURE_OR_DESIGN,
0.016,decimal,1,paper/sections/09_sensitivity.tex,LITERATURE_OR_DESIGN,
0.019,decimal,1,paper/sections/10_discussion.tex,COVERED_RESULT,
0.02,decimal,1,paper/sections/04_calibration.tex,LITERATURE_OR_DESIGN,
0.021,decimal,2,paper/sections/09_sensitivity.tex,COVERED_RESULT,
0.022,decimal,1,paper/sections/09_sensitivity.tex,LITERATURE_OR_DESIGN,
0.024,decimal,3,paper/sections/09_sensitivity.tex,COVERED_RESULT,
0.025,decimal,1,paper/sections/09_sensitivity.tex,LITERATURE_OR_DESIGN,
0.026,decimal,5,paper/sections/09_sensitivity.tex;paper/sections/10_discussion.tex;paper/sections/12_conclusion.tex,COVERED_RESULT,
0.0263,decimal,1,paper/sections/09_sensitivity.tex,LITERATURE_OR_DESIGN,
0.030,decimal,2,paper/sections/09_sensitivity.tex,COVERED_RESULT,
0.038,decimal,1,paper/sections/09_sensitivity.tex,LITERATURE_OR_DESIGN,
0.039,decimal,1,paper/sections/09_sensitivity.tex,COVERED_RESULT,
0.044,decimal,1,paper/sections/09_sensitivity.tex,LITERATURE_OR_DESIGN,
0.045,decimal,1,paper/sections/09_sensitivity.tex,LITERATURE_OR_DESIGN,
0.05,decimal,9,paper/appendices/a_validation.tex;paper/sections/03_model.tex;paper/sections/04_calibration.tex;paper/sections/07_stress.tex;paper/sections/09_sensitivity.tex,COVERED_PARAM,
0.050,decimal,1,paper/sections/07_stress.tex,LITERATURE_OR_DESIGN,
0.0500,decimal,2,paper/sections/04_calibration.tex;paper/sections/09_sensitivity.tex,LITERATURE_OR_DESIGN,
0.060,decimal,1,paper/sections/09_sensitivity.tex,LITERATURE_OR_DESIGN,
0.069,decimal,1,paper/sections/09_sensitivity.tex,COVERED_RESULT,
0.07,decimal,1,paper/sections/04_calibration.tex,LITERATURE_OR_DESIGN,
0.075,decimal,1,paper/sections/09_sensitivity.tex,LITERATURE_OR_DESIGN,
0.08,decimal,1,paper/appendices/a_validation.tex,LITERATURE_OR_DESIGN,
0.086,decimal,2,paper/sections/09_sensitivity.tex,LITERATURE_OR_DESIGN,
0.09,decimal,1,paper/sections/04_calibration.tex,LITERATURE_OR_DESIGN,
0.090,decimal,4,paper/sections/04_calibration.tex;paper/sections/09_sensitivity.tex,LITERATURE_OR_DESIGN,
0.094,decimal,2,paper/sections/09_sensitivity.tex,LITERATURE_OR_DESIGN,
0.0940,decimal,1,paper/sections/09_sensitivity.tex,LITERATURE_OR_DESIGN,
0.095,decimal,4,paper/sections/09_sensitivity.tex;paper/sections/10_discussion.tex;paper/sections/12_conclusion.tex,COVERED_RESULT,
0.098,decimal,1,paper/sections/09_sensitivity.tex,LITERATURE_OR_DESIGN,
0.1,decimal,1,paper/sections/04_calibration.tex,COVERED_PARAM,
0.10,decimal,17,paper/appendices/a_validation.tex;paper/sections/03_model.tex;paper/sections/04_calibration.tex;paper/sections/07_stress.tex;paper/sections/08_fiscal.tex,LITERATURE_OR_DESIGN,
0.100,decimal,1,paper/sections/07_stress.tex,LITERATURE_OR_DESIGN,
0.111,decimal,2,paper/sections/05_protocol.tex;paper/sections/09_sensitivity.tex,LITERATURE_OR_DESIGN,
0.116,decimal,1,paper/sections/09_sensitivity.tex,COVERED_RESULT,
0.125,decimal,2,paper/sections/07_stress.tex,LITERATURE_OR_DESIGN,
0.127,decimal,1,paper/sections/09_sensitivity.tex,LITERATURE_OR_DESIGN,
0.128,decimal,1,paper/sections/08_fiscal.tex,LITERATURE_OR_DESIGN,
0.135,decimal,1,paper/sections/04_calibration.tex,LITERATURE_OR_DESIGN,
0.138,decimal,3,paper/sections/04_calibration.tex;paper/sections/09_sensitivity.tex,LITERATURE_OR_DESIGN,
0.141,decimal,3,paper/sections/04_calibration.tex;paper/sections/09_sensitivity.tex,LITERATURE_OR_DESIGN,
0.15,decimal,8,paper/sections/04_calibration.tex;paper/sections/07_stress.tex;paper/sections/08_fiscal.tex,LITERATURE_OR_DESIGN,
0.150,decimal,1,paper/sections/07_stress.tex,LITERATURE_OR_DESIGN,
0.154,decimal,1,paper/sections/09_sensitivity.tex,LITERATURE_OR_DESIGN,
0.158,decimal,2,paper/sections/04_calibration.tex;paper/sections/09_sensitivity.tex,LITERATURE_OR_DESIGN,
0.161,decimal,2,paper/sections/04_calibration.tex,LITERATURE_OR_DESIGN,
0.170,decimal,1,paper/sections/05_protocol.tex,LITERATURE_OR_DESIGN,
0.182,decimal,2,paper/sections/04_calibration.tex;paper/sections/09_sensitivity.tex,LITERATURE_OR_DESIGN,
0.183,decimal,1,paper/sections/09_sensitivity.tex,COVERED_RESULT,
0.20,decimal,1,paper/appendices/a_validation.tex,LITERATURE_OR_DESIGN,
0.200,decimal,1,paper/sections/07_stress.tex,LITERATURE_OR_DESIGN,
0.201,decimal,1,paper/sections/09_sensitivity.tex,LITERATURE_OR_DESIGN,
0.202,decimal,2,paper/sections/09_sensitivity.tex,LITERATURE_OR_DESIGN,
0.206,decimal,1,paper/sections/08_fiscal.tex,LITERATURE_OR_DESIGN,
0.207,decimal,1,paper/sections/05_protocol.tex,LITERATURE_OR_DESIGN,
0.211,decimal,1,paper/sections/09_sensitivity.tex,LITERATURE_OR_DESIGN,
0.229,decimal,1,paper/sections/07_stress.tex,LITERATURE_OR_DESIGN,
0.25,decimal,4,paper/sections/07_stress.tex;paper/sections/08_fiscal.tex,LITERATURE_OR_DESIGN,
0.250,decimal,2,paper/sections/07_stress.tex;paper/sections/08_fiscal.tex,LITERATURE_OR_DESIGN,
0.251,decimal,1,paper/sections/09_sensitivity.tex,LITERATURE_OR_DESIGN,
0.258,decimal,1,paper/sections/07_stress.tex,LITERATURE_OR_DESIGN,
0.26047,decimal,1,paper/sections/04_calibration.tex,COVERED_PARAM,
0.264,decimal,1,paper/sections/09_sensitivity.tex,LITERATURE_OR_DESIGN,
0.276,decimal,1,paper/sections/09_sensitivity.tex,COVERED_RESULT,
0.290,decimal,1,paper/sections/09_sensitivity.tex,LITERATURE_OR_DESIGN,
0.299,decimal,1,paper/sections/09_sensitivity.tex,LITERATURE_OR_DESIGN,
0.3,decimal,2,paper/sections/06_shape.tex,LITERATURE_OR_DESIGN,
0.30,decimal,7,paper/sections/06_shape.tex;paper/sections/07_stress.tex;paper/sections/09_sensitivity.tex,LITERATURE_OR_DESIGN,
0.300,decimal,1,paper/sections/06_shape.tex,LITERATURE_OR_DESIGN,
0.301,decimal,1,paper/sections/09_sensitivity.tex,LITERATURE_OR_DESIGN,
0.31,decimal,1,paper/sections/06_shape.tex,LITERATURE_OR_DESIGN,
0.313,decimal,1,paper/sections/09_sensitivity.tex,COVERED_RESULT,
0.314,decimal,1,paper/sections/06_shape.tex,LITERATURE_OR_DESIGN,
0.323,decimal,1,paper/sections/09_sensitivity.tex,LITERATURE_OR_DESIGN,
0.325,decimal,1,paper/sections/06_shape.tex,LITERATURE_OR_DESIGN,
0.331,decimal,1,paper/sections/09_sensitivity.tex,COVERED_RESULT,
0.337,decimal,1,paper/sections/09_sensitivity.tex,LITERATURE_OR_DESIGN,
0.349,decimal,1,paper/sections/06_shape.tex,LITERATURE_OR_DESIGN,
0.35,decimal,9,paper/sections/04_calibration.tex;paper/sections/06_shape.tex;paper/sections/07_stress.tex;paper/sections/09_sensitivity.tex;paper/sections/11_limitations.tex,LITERATURE_OR_DESIGN,
0.357,decimal,1,paper/sections/04_calibration.tex,LITERATURE_OR_DESIGN,
0.36,decimal,1,paper/sections/04_calibration.tex,LITERATURE_OR_DESIGN,
0.363,decimal,8,paper/sections/04_calibration.tex;paper/sections/06_shape.tex;paper/sections/09_sensitivity.tex,LITERATURE_OR_DESIGN,
0.37,decimal,1,paper/sections/11_limitations.tex,LITERATURE_OR_DESIGN,
0.373,decimal,1,paper/sections/08_fiscal.tex,LITERATURE_OR_DESIGN,
0.377,decimal,1,paper/sections/09_sensitivity.tex,LITERATURE_OR_DESIGN,
0.379,decimal,1,paper/sections/06_shape.tex,LITERATURE_OR_DESIGN,
0.38,decimal,1,paper/sections/07_stress.tex,LITERATURE_OR_DESIGN,
0.380,decimal,1,paper/sections/09_sensitivity.tex,LITERATURE_OR_DESIGN,
0.394,decimal,2,paper/sections/06_shape.tex,LITERATURE_OR_DESIGN,
0.395,decimal,1,paper/appendices/a_validation.tex,LITERATURE_OR_DESIGN,
0.4,decimal,1,paper/sections/10_discussion.tex,LITERATURE_OR_DESIGN,
0.40,decimal,15,paper/sections/02_literature.tex;paper/sections/03_model.tex;paper/sections/04_calibration.tex;paper/sections/06_shape.tex;paper/sections/07_stress.tex;paper/sections/08_fiscal.tex;paper/sections/09_sensitivity.tex,COVERED_PARAM,
0.406,decimal,1,paper/sections/06_shape.tex,LITERATURE_OR_DESIGN,
0.41,decimal,1,paper/sections/06_shape.tex,LITERATURE_OR_DESIGN,
0.410,decimal,1,paper/sections/07_stress.tex,LITERATURE_OR_DESIGN,
0.411,decimal,1,paper/sections/06_shape.tex,LITERATURE_OR_DESIGN,
0.414,decimal,1,paper/sections/09_sensitivity.tex,BLINDSPOT_1_DERIVED,
0.42,decimal,3,paper/sections/01_introduction.tex;paper/sections/06_shape.tex,LITERATURE_OR_DESIGN,
0.420,decimal,2,paper/sections/06_shape.tex,LITERATURE_OR_DESIGN,
0.421,decimal,1,paper/sections/07_stress.tex,LITERATURE_OR_DESIGN,
0.423,decimal,1,paper/sections/09_sensitivity.tex,LITERATURE_OR_DESIGN,
0.427,decimal,2,paper/sections/07_stress.tex;paper/sections/08_fiscal.tex,LITERATURE_OR_DESIGN,
0.436,decimal,1,paper/sections/06_shape.tex,LITERATURE_OR_DESIGN,
0.440,decimal,1,paper/sections/08_fiscal.tex,LITERATURE_OR_DESIGN,
0.444,decimal,1,paper/sections/06_shape.tex,LITERATURE_OR_DESIGN,
0.446,decimal,1,paper/sections/08_fiscal.tex,LITERATURE_OR_DESIGN,
0.447,decimal,3,paper/appendices/a_validation.tex;paper/sections/09_sensitivity.tex;paper/sections/10_discussion.tex,LITERATURE_OR_DESIGN,
0.45,decimal,6,paper/sections/02_literature.tex;paper/sections/04_calibration.tex;paper/sections/06_shape.tex,COVERED_PARAM,
0.450,decimal,1,paper/sections/06_shape.tex,LITERATURE_OR_DESIGN,
0.451,decimal,1,paper/sections/09_sensitivity.tex,LITERATURE_OR_DESIGN,
0.452,decimal,2,paper/sections/06_shape.tex;paper/sections/08_fiscal.tex,LITERATURE_OR_DESIGN,
0.456,decimal,1,paper/sections/06_shape.tex,LITERATURE_OR_DESIGN,
0.457,decimal,1,paper/sections/08_fiscal.tex,LITERATURE_OR_DESIGN,
0.459,decimal,1,paper/sections/06_shape.tex,LITERATURE_OR_DESIGN,
0.46,decimal,1,paper/sections/06_shape.tex,LITERATURE_OR_DESIGN,
0.462,decimal,1,paper/sections/06_shape.tex,LITERATURE_OR_DESIGN,
0.468,decimal,1,paper/sections/09_sensitivity.tex,LITERATURE_OR_DESIGN,
0.473,decimal,1,paper/sections/09_sensitivity.tex,LITERATURE_OR_DESIGN,
0.475,decimal,1,paper/sections/09_sensitivity.tex,LITERATURE_OR_DESIGN,
0.48,decimal,2,paper/sections/09_sensitivity.tex,LITERATURE_OR_DESIGN,
0.480,decimal,2,paper/sections/09_sensitivity.tex,COVERED_RESULT,
0.481,decimal,1,paper/sections/06_shape.tex,LITERATURE_OR_DESIGN,
0.483,decimal,2,paper/sections/08_fiscal.tex;paper/sections/09_sensitivity.tex,LITERATURE_OR_DESIGN,
0.489,decimal,1,paper/sections/06_shape.tex,LITERATURE_OR_DESIGN,
0.49,decimal,4,paper/sections/07_stress.tex;paper/sections/08_fiscal.tex,LITERATURE_OR_DESIGN,
0.5,decimal,11,paper/sections/04_calibration.tex;paper/sections/07_stress.tex;paper/sections/08_fiscal.tex;paper/sections/09_sensitivity.tex,COVERED_PARAM,
0.50,decimal,6,paper/sections/06_shape.tex;paper/sections/07_stress.tex;paper/sections/08_fiscal.tex,LITERATURE_OR_DESIGN,
0.501,decimal,1,paper/appendices/a_validation.tex,LITERATURE_OR_DESIGN,
0.513,decimal,2,paper/sections/06_shape.tex,LITERATURE_OR_DESIGN,
0.523,decimal,1,paper/sections/09_sensitivity.tex,LITERATURE_OR_DESIGN,
0.527,decimal,1,paper/sections/06_shape.tex,LITERATURE_OR_DESIGN,
0.528,decimal,1,paper/sections/07_stress.tex,LITERATURE_OR_DESIGN,
0.53,decimal,2,paper/appendices/a_validation.tex;paper/sections/07_stress.tex,LITERATURE_OR_DESIGN,
0.543,decimal,2,paper/sections/07_stress.tex,LITERATURE_OR_DESIGN,
0.55,decimal,2,paper/sections/06_shape.tex;paper/sections/09_sensitivity.tex,LITERATURE_OR_DESIGN,
0.553,decimal,2,paper/sections/06_shape.tex,LITERATURE_OR_DESIGN,
0.554,decimal,1,paper/sections/07_stress.tex,LITERATURE_OR_DESIGN,
0.561,decimal,3,paper/sections/06_shape.tex;paper/sections/09_sensitivity.tex,COVERED_RESULT,
0.562,decimal,2,paper/sections/09_sensitivity.tex,COVERED_RESULT,
0.563,decimal,1,paper/sections/07_stress.tex,LITERATURE_OR_DESIGN,
0.565,decimal,1,paper/sections/07_stress.tex,LITERATURE_OR_DESIGN,
0.566,decimal,2,paper/sections/07_stress.tex;paper/sections/08_fiscal.tex,LITERATURE_OR_DESIGN,
0.569,decimal,2,paper/sections/06_shape.tex,LITERATURE_OR_DESIGN,
0.57,decimal,1,paper/sections/11_limitations.tex,LITERATURE_OR_DESIGN,
0.573,decimal,1,paper/appendices/a_validation.tex,LITERATURE_OR_DESIGN,
0.579,decimal,1,paper/sections/07_stress.tex,LITERATURE_OR_DESIGN,
0.58,decimal,1,paper/sections/07_stress.tex,LITERATURE_OR_DESIGN,
0.591,decimal,2,paper/sections/06_shape.tex;paper/sections/07_stress.tex,COVERED_RESULT,
0.592,decimal,1,paper/sections/06_shape.tex,LITERATURE_OR_DESIGN,
0.596,decimal,1,paper/appendices/a_validation.tex,LITERATURE_OR_DESIGN,
0.6,decimal,2,paper/sections/04_calibration.tex;paper/sections/09_sensitivity.tex,COVERED_PARAM,
0.60,decimal,12,paper/sections/02_literature.tex;paper/sections/04_calibration.tex;paper/sections/06_shape.tex;paper/sections/07_stress.tex;paper/sections/09_sensitivity.tex;paper/sections/11_limitations.tex,LITERATURE_OR_DESIGN,
0.607,decimal,1,paper/sections/06_shape.tex,LITERATURE_OR_DESIGN,
0.61,decimal,1,paper/sections/11_limitations.tex,LITERATURE_OR_DESIGN,
0.616,decimal,4,paper/appendices/a_validation.tex;paper/sections/06_shape.tex;paper/sections/07_stress.tex,LITERATURE_OR_DESIGN,
0.62,decimal,1,paper/sections/06_shape.tex,LITERATURE_OR_DESIGN,
0.620,decimal,1,paper/sections/06_shape.tex,LITERATURE_OR_DESIGN,
0.634,decimal,1,paper/sections/07_stress.tex,LITERATURE_OR_DESIGN,
0.637,decimal,1,paper/sections/07_stress.tex,LITERATURE_OR_DESIGN,
0.639,decimal,1,paper/sections/07_stress.tex,LITERATURE_OR_DESIGN,
0.64,decimal,4,paper/sections/01_introduction.tex;paper/sections/06_shape.tex,LITERATURE_OR_DESIGN,
0.640,decimal,1,paper/sections/06_shape.tex,LITERATURE_OR_DESIGN,
0.643,decimal,3,paper/appendices/a_validation.tex;paper/sections/09_sensitivity.tex;paper/sections/10_discussion.tex,LITERATURE_OR_DESIGN,
0.648,decimal,1,paper/sections/07_stress.tex,COVERED_RESULT,
0.649,decimal,1,paper/sections/09_sensitivity.tex,LITERATURE_OR_DESIGN,
0.65,decimal,6,paper/appendices/a_validation.tex;paper/sections/01_introduction.tex;paper/sections/06_shape.tex;paper/sections/09_sensitivity.tex;paper/sections/12_conclusion.tex,LITERATURE_OR_DESIGN,
0.654,decimal,7,paper/appendices/a_validation.tex;paper/sections/06_shape.tex;paper/sections/07_stress.tex;paper/sections/10_discussion.tex,LITERATURE_OR_DESIGN,
0.6540142777288407,decimal,1,paper/appendices/a_validation.tex,LITERATURE_OR_DESIGN,
0.657,decimal,1,paper/sections/07_stress.tex,COVERED_RESULT,
0.658,decimal,1,paper/sections/07_stress.tex,COVERED_RESULT,
0.666,decimal,1,paper/sections/07_stress.tex,LITERATURE_OR_DESIGN,
0.667,decimal,1,paper/sections/07_stress.tex,LITERATURE_OR_DESIGN,
0.671,decimal,1,paper/sections/07_stress.tex,COVERED_RESULT,
0.674,decimal,1,paper/sections/07_stress.tex,LITERATURE_OR_DESIGN,
0.676,decimal,1,paper/sections/07_stress.tex,LITERATURE_OR_DESIGN,
0.68,decimal,1,paper/sections/11_limitations.tex,LITERATURE_OR_DESIGN,
0.680,decimal,1,paper/sections/07_stress.tex,COVERED_RESULT,
0.682,decimal,1,paper/sections/07_stress.tex,LITERATURE_OR_DESIGN,
0.684,decimal,1,paper/sections/07_stress.tex,LITERATURE_OR_DESIGN,
0.686,decimal,1,paper/sections/07_stress.tex,LITERATURE_OR_DESIGN,
0.687,decimal,1,paper/sections/06_shape.tex,LITERATURE_OR_DESIGN,
0.691,decimal,4,paper/appendices/a_validation.tex;paper/sections/06_shape.tex;paper/sections/07_stress.tex,LITERATURE_OR_DESIGN,
0.692,decimal,1,paper/sections/07_stress.tex,LITERATURE_OR_DESIGN,
0.697,decimal,2,paper/sections/07_stress.tex,LITERATURE_OR_DESIGN,
0.7,decimal,1,paper/sections/06_shape.tex,LITERATURE_OR_DESIGN,
0.70,decimal,1,paper/sections/06_shape.tex,LITERATURE_OR_DESIGN,
0.700,decimal,1,paper/sections/07_stress.tex,COVERED_RESULT,
0.701,decimal,1,paper/appendices/a_validation.tex,LITERATURE_OR_DESIGN,
0.709,decimal,2,paper/sections/07_stress.tex,COVERED_RESULT,
0.711,decimal,2,paper/sections/07_stress.tex,COVERED_RESULT,
0.713,decimal,1,paper/sections/07_stress.tex,LITERATURE_OR_DESIGN,
0.716,decimal,1,paper/sections/07_stress.tex,COVERED_RESULT,
0.718,decimal,1,paper/sections/09_sensitivity.tex,COVERED_RESULT,
0.721,decimal,2,paper/sections/07_stress.tex,LITERATURE_OR_DESIGN,
0.723,decimal,1,paper/appendices/a_validation.tex,LITERATURE_OR_DESIGN,
0.725,decimal,2,paper/sections/07_stress.tex,LITERATURE_OR_DESIGN,
0.726,decimal,1,paper/sections/07_stress.tex,COVERED_RESULT,
0.740,decimal,1,paper/sections/07_stress.tex,LITERATURE_OR_DESIGN,
0.745,decimal,2,paper/sections/07_stress.tex,LITERATURE_OR_DESIGN,
0.75,decimal,2,paper/sections/04_calibration.tex;paper/sections/08_fiscal.tex,LITERATURE_OR_DESIGN,
0.750,decimal,2,paper/sections/07_stress.tex;paper/sections/09_sensitivity.tex,COVERED_RESULT,
0.751,decimal,1,paper/sections/07_stress.tex,COVERED_RESULT,
0.752,decimal,1,paper/sections/07_stress.tex,LITERATURE_OR_DESIGN,
0.754,decimal,1,paper/sections/07_stress.tex,LITERATURE_OR_DESIGN,
0.758,decimal,1,paper/sections/09_sensitivity.tex,LITERATURE_OR_DESIGN,
0.770,decimal,1,paper/sections/07_stress.tex,COVERED_RESULT,
0.771,decimal,1,paper/sections/09_sensitivity.tex,BLINDSPOT_1_DERIVED,"1230/1596=0.770677, round-once 0.771: PAPER IS CORRECT; sweep match to ces_b07_sigma_star_by_rho/ci_hi is coincidence (derived, blind spot #1)."
0.793,decimal,1,paper/sections/07_stress.tex,LITERATURE_OR_DESIGN,
0.80,decimal,2,paper/sections/04_calibration.tex;paper/sections/06_shape.tex,LITERATURE_OR_DESIGN,
0.800,decimal,1,paper/sections/07_stress.tex,COVERED_RESULT,
0.806,decimal,1,paper/sections/07_stress.tex,COVERED_RESULT,
0.82,decimal,3,paper/sections/06_shape.tex;paper/sections/07_stress.tex,LITERATURE_OR_DESIGN,
0.820,decimal,1,paper/sections/09_sensitivity.tex,LITERATURE_OR_DESIGN,
0.823,decimal,1,paper/sections/09_sensitivity.tex,LITERATURE_OR_DESIGN,
0.83,decimal,1,paper/sections/09_sensitivity.tex,LITERATURE_OR_DESIGN,
0.838,decimal,1,paper/sections/07_stress.tex,COVERED_RESULT,
0.84,decimal,2,paper/appendices/a_validation.tex;paper/sections/06_shape.tex,LITERATURE_OR_DESIGN,
0.843,decimal,1,paper/sections/07_stress.tex,COVERED_RESULT,
0.87,decimal,2,paper/sections/02_literature.tex;paper/sections/04_calibration.tex,LITERATURE_OR_DESIGN,
0.871,decimal,1,paper/sections/07_stress.tex,COVERED_RESULT,
0.887,decimal,1,paper/sections/09_sensitivity.tex,LITERATURE_OR_DESIGN,
0.9,decimal,1,paper/sections/04_calibration.tex,COVERED_PARAM,
0.90,decimal,6,paper/sections/04_calibration.tex;paper/sections/08_fiscal.tex,COVERED_PARAM,
0.900,decimal,2,paper/sections/09_sensitivity.tex,COVERED_RESULT,
0.909,decimal,1,paper/sections/07_stress.tex,COVERED_RESULT,
0.916,decimal,2,paper/sections/09_sensitivity.tex,COVERED_RESULT,
0.918,decimal,1,paper/sections/06_shape.tex,LITERATURE_OR_DESIGN,
0.938,decimal,1,paper/appendices/a_validation.tex,LITERATURE_OR_DESIGN,
0.94,decimal,1,paper/sections/06_shape.tex,LITERATURE_OR_DESIGN,
0.941,decimal,1,paper/sections/06_shape.tex,LITERATURE_OR_DESIGN,
0.945,decimal,1,paper/sections/09_sensitivity.tex,LITERATURE_OR_DESIGN,
0.96,decimal,1,paper/sections/11_limitations.tex,LITERATURE_OR_DESIGN,
0.962,decimal,2,paper/appendices/a_validation.tex;paper/sections/09_sensitivity.tex,LITERATURE_OR_DESIGN,
0.963,decimal,1,paper/sections/06_shape.tex,LITERATURE_OR_DESIGN,
0.966,decimal,2,paper/sections/09_sensitivity.tex,COVERED_RESULT,
0.976,decimal,1,paper/appendices/a_validation.tex,LITERATURE_OR_DESIGN,
0.985,decimal,1,paper/appendices/a_validation.tex,LITERATURE_OR_DESIGN,
0.992,decimal,1,paper/sections/09_sensitivity.tex,COVERED_RESULT,
0.999,decimal,1,paper/sections/09_sensitivity.tex,LITERATURE_OR_DESIGN,
1.0,decimal,13,paper/appendices/a_validation.tex;paper/sections/04_calibration.tex;paper/sections/06_shape.tex;paper/sections/07_stress.tex;paper/sections/08_fiscal.tex;paper/sections/11_limitations.tex,COVERED_PARAM,
1.00,decimal,7,paper/sections/06_shape.tex;paper/sections/07_stress.tex;paper/sections/09_sensitivity.tex,LITERATURE_OR_DESIGN,
1.000,decimal,7,paper/sections/07_stress.tex,LITERATURE_OR_DESIGN,
1.002,decimal,2,paper/sections/09_sensitivity.tex,COVERED_RESULT,
1.05,decimal,1,paper/appendices/a_validation.tex,LITERATURE_OR_DESIGN,
1.22,decimal,1,paper/sections/07_stress.tex,LITERATURE_OR_DESIGN,
1.23,decimal,2,paper/sections/04_calibration.tex;paper/sections/09_sensitivity.tex,LITERATURE_OR_DESIGN,
1.25,decimal,3,paper/sections/06_shape.tex;paper/sections/07_stress.tex,LITERATURE_OR_DESIGN,
1.29,decimal,1,paper/sections/07_stress.tex,LITERATURE_OR_DESIGN,
1.5,decimal,3,paper/sections/06_shape.tex;paper/sections/08_fiscal.tex,LITERATURE_OR_DESIGN,
1.50,decimal,3,paper/sections/06_shape.tex,LITERATURE_OR_DESIGN,
10.83,decimal,1,paper/sections/09_sensitivity.tex,LITERATURE_OR_DESIGN,
108.7,decimal,2,paper/sections/07_stress.tex;paper/sections/08_fiscal.tex,LITERATURE_OR_DESIGN,
109.5,decimal,1,paper/sections/07_stress.tex,LITERATURE_OR_DESIGN,
109.9,decimal,1,paper/sections/07_stress.tex,LITERATURE_OR_DESIGN,
11.34,decimal,1,paper/appendices/a_validation.tex,LITERATURE_OR_DESIGN,
11.56,decimal,1,paper/sections/09_sensitivity.tex,LITERATURE_OR_DESIGN,
119.0,decimal,1,paper/sections/08_fiscal.tex,LITERATURE_OR_DESIGN,
132.1,decimal,1,paper/sections/07_stress.tex,LITERATURE_OR_DESIGN,
133.0,decimal,1,paper/sections/07_stress.tex,LITERATURE_OR_DESIGN,
134.7,decimal,1,paper/sections/07_stress.tex,LITERATURE_OR_DESIGN,
14.6,decimal,1,paper/sections/06_shape.tex,LITERATURE_OR_DESIGN,
17.8,decimal,1,paper/sections/06_shape.tex,LITERATURE_OR_DESIGN,
19.3,decimal,1,paper/sections/08_fiscal.tex,LITERATURE_OR_DESIGN,
2.0,decimal,8,paper/sections/04_calibration.tex;paper/sections/06_shape.tex;paper/sections/07_stress.tex;paper/sections/11_limitations.tex,COVERED_PARAM,
2.1,decimal,2,paper/appendices/a_validation.tex,LITERATURE_OR_DESIGN,
2.10,decimal,1,paper/appendices/a_validation.tex,LITERATURE_OR_DESIGN,
20.5,decimal,1,paper/sections/06_shape.tex,LITERATURE_OR_DESIGN,
22.1,decimal,1,paper/sections/09_sensitivity.tex,LITERATURE_OR_DESIGN,
256.5,decimal,2,paper/sections/06_shape.tex,LITERATURE_OR_DESIGN,
26.8,decimal,1,paper/sections/06_shape.tex,LITERATURE_OR_DESIGN,
281.0,decimal,1,paper/sections/06_shape.tex,LITERATURE_OR_DESIGN,
298.8,decimal,1,paper/sections/08_fiscal.tex,LITERATURE_OR_DESIGN,
3.17,decimal,2,paper/sections/04_calibration.tex;paper/sections/09_sensitivity.tex,LITERATURE_OR_DESIGN,
3.5,decimal,1,paper/sections/07_stress.tex,LITERATURE_OR_DESIGN,
3.64,decimal,2,paper/sections/04_calibration.tex;paper/sections/09_sensitivity.tex,LITERATURE_OR_DESIGN,
346.6,decimal,1,paper/sections/06_shape.tex,LITERATURE_OR_DESIGN,
359.2,decimal,1,paper/sections/08_fiscal.tex,LITERATURE_OR_DESIGN,
37.7,decimal,1,paper/sections/11_limitations.tex,LITERATURE_OR_DESIGN,
38.0,decimal,2,paper/sections/06_shape.tex,LITERATURE_OR_DESIGN,
38.7,decimal,1,paper/sections/08_fiscal.tex,LITERATURE_OR_DESIGN,
39.3,decimal,1,paper/sections/06_shape.tex,LITERATURE_OR_DESIGN,
396.6,decimal,1,paper/sections/08_fiscal.tex,LITERATURE_OR_DESIGN,
4.3,decimal,1,paper/sections/11_limitations.tex,LITERATURE_OR_DESIGN,
40.0,decimal,1,paper/sections/04_calibration.tex,COVERED_PARAM,
400.00,decimal,6,paper/appendices/a_validation.tex,LITERATURE_OR_DESIGN,
41.87,decimal,1,paper/sections/04_calibration.tex,COVERED_PARAM,
41.9,decimal,1,paper/sections/06_shape.tex,LITERATURE_OR_DESIGN,
414.0,decimal,1,paper/sections/06_shape.tex,LITERATURE_OR_DESIGN,
43.9,decimal,1,paper/sections/06_shape.tex,LITERATURE_OR_DESIGN,
435.7,decimal,1,paper/sections/08_fiscal.tex,LITERATURE_OR_DESIGN,
453.2,decimal,2,paper/sections/06_shape.tex,LITERATURE_OR_DESIGN,
46.15,decimal,1,paper/appendices/a_validation.tex,LITERATURE_OR_DESIGN,
5.2,decimal,1,paper/sections/06_shape.tex,LITERATURE_OR_DESIGN,
5.6,decimal,1,paper/sections/06_shape.tex,LITERATURE_OR_DESIGN,
51.9,decimal,1,paper/sections/06_shape.tex,LITERATURE_OR_DESIGN,
58.7,decimal,1,paper/sections/11_limitations.tex,LITERATURE_OR_DESIGN,
58.9,decimal,1,paper/sections/07_stress.tex,LITERATURE_OR_DESIGN,
59.4,decimal,2,paper/sections/06_shape.tex,BLINDSPOT_2_TABLE_NO_SOURCE,"tab:baseline, NOT attributed: its source is not among the 51/56 included artifacts (blind spot #2); sweep match to ces_sigma_rho_grid is another cell."
7.395,decimal,1,paper/sections/04_calibration.tex,COVERED_PARAM,
82.1,decimal,2,paper/sections/07_stress.tex;paper/sections/08_fiscal.tex,LITERATURE_OR_DESIGN,
82.7,decimal,1,paper/sections/07_stress.tex,LITERATURE_OR_DESIGN,
83.2,decimal,1,paper/sections/07_stress.tex,LITERATURE_OR_DESIGN,
84.2,decimal,1,paper/sections/07_stress.tex,LITERATURE_OR_DESIGN,
86.2,decimal,1,paper/sections/06_shape.tex,LITERATURE_OR_DESIGN,
86.8,decimal,2,paper/sections/06_shape.tex,LITERATURE_OR_DESIGN,
87.3,decimal,1,paper/sections/06_shape.tex,LITERATURE_OR_DESIGN,
88.7,decimal,1,paper/sections/09_sensitivity.tex,LITERATURE_OR_DESIGN,
91.1,decimal,1,paper/sections/06_shape.tex,LITERATURE_OR_DESIGN,
96.7,decimal,2,paper/sections/06_shape.tex,LITERATURE_OR_DESIGN,
98.1,decimal,1,paper/sections/08_fiscal.tex,LITERATURE_OR_DESIGN,
99.8,decimal,3,paper/sections/06_shape.tex;paper/sections/07_stress.tex,LITERATURE_OR_DESIGN,
99.9,decimal,3,paper/sections/07_stress.tex,LITERATURE_OR_DESIGN,
0,int,92,paper/appendices/a_validation.tex;paper/appendices/b_notation.tex;paper/sections/03_model.tex;paper/sections/04_calibration.tex;paper/sections/05_protocol.tex;paper/sections/06_shape.tex;paper/sections/07_stress.tex;paper/sections/08_fiscal.tex;paper/sections/09_sensitivity.tex;paper/sections/11_limitations.tex,STRUCTURAL,
07,int,3,paper/sections/07_stress.tex,BLINDSPOT_3_SMALL_INT,
09,int,2,paper/sections/08_fiscal.tex,BLINDSPOT_3_SMALL_INT,
1,int,62,paper/appendices/a_validation.tex;paper/appendices/b_notation.tex;paper/sections/02_literature.tex;paper/sections/03_model.tex;paper/sections/04_calibration.tex;paper/sections/05_protocol.tex;paper/sections/06_shape.tex;paper/sections/07_stress.tex;paper/sections/08_fiscal.tex;paper/sections/09_sensitivity.tex;paper/sections/11_limitations.tex,STRUCTURAL,
10,int,20,paper/appendices/a_validation.tex;paper/sections/03_model.tex;paper/sections/05_protocol.tex;paper/sections/07_stress.tex,STRUCTURAL,
100,int,9,paper/appendices/a_validation.tex;paper/sections/03_model.tex;paper/sections/06_shape.tex;paper/sections/07_stress.tex;paper/sections/08_fiscal.tex,STRUCTURAL,
108,int,5,paper/sections/01_introduction.tex;paper/sections/06_shape.tex;paper/sections/09_sensitivity.tex;paper/sections/10_discussion.tex,BLINDSPOT_3_SMALL_INT,
110,int,1,paper/sections/09_sensitivity.tex,BLINDSPOT_3_SMALL_INT,
112,int,1,paper/sections/09_sensitivity.tex,BLINDSPOT_3_SMALL_INT,
12,int,1,paper/sections/07_stress.tex,STRUCTURAL,
1230,int,1,paper/sections/09_sensitivity.tex,BLINDSPOT_3_SMALL_INT,
13,int,6,paper/sections/09_sensitivity.tex,BLINDSPOT_3_SMALL_INT,
14,int,9,paper/sections/07_stress.tex;paper/sections/09_sensitivity.tex,BLINDSPOT_3_SMALL_INT,
15,int,1,paper/sections/07_stress.tex,BLINDSPOT_3_SMALL_INT,
1509,int,1,paper/sections/09_sensitivity.tex,BLINDSPOT_3_SMALL_INT,
1596,int,3,paper/sections/09_sensitivity.tex,BLINDSPOT_3_SMALL_INT,
16,int,8,paper/appendices/a_validation.tex;paper/sections/04_calibration.tex;paper/sections/05_protocol.tex;paper/sections/07_stress.tex;paper/sections/08_fiscal.tex;paper/sections/09_sensitivity.tex,STRUCTURAL,
160,int,1,paper/appendices/a_validation.tex,BLINDSPOT_3_SMALL_INT,
18,int,1,paper/sections/07_stress.tex,BLINDSPOT_3_SMALL_INT,
19,int,1,paper/sections/06_shape.tex,BLINDSPOT_3_SMALL_INT,
190,int,1,paper/sections/09_sensitivity.tex,BLINDSPOT_3_SMALL_INT,
191,int,1,paper/sections/09_sensitivity.tex,BLINDSPOT_3_SMALL_INT,
1957,int,1,paper/sections/04_calibration.tex,BLINDSPOT_3_SMALL_INT,
1958,int,1,paper/sections/07_stress.tex,BLINDSPOT_3_SMALL_INT,
197,int,1,paper/sections/09_sensitivity.tex,BLINDSPOT_3_SMALL_INT,
1971,int,1,paper/sections/02_literature.tex,BLINDSPOT_3_SMALL_INT,
1990,int,2,paper/sections/01_introduction.tex;paper/sections/02_literature.tex,BLINDSPOT_3_SMALL_INT,
1991,int,1,paper/sections/05_protocol.tex,BLINDSPOT_3_SMALL_INT,
1994,int,2,paper/sections/02_literature.tex;paper/sections/04_calibration.tex,BLINDSPOT_3_SMALL_INT,
2,int,31,paper/appendices/a_validation.tex;paper/sections/04_calibration.tex;paper/sections/07_stress.tex;paper/sections/09_sensitivity.tex;paper/sections/12_conclusion.tex,COVERED_RESULT,
20,int,5,paper/appendices/a_validation.tex;paper/sections/05_protocol.tex;paper/sections/06_shape.tex;paper/sections/07_stress.tex,STRUCTURAL,
200,int,3,paper/appendices/a_validation.tex;paper/sections/03_model.tex,STRUCTURAL,
2000,int,11,paper/sections/02_literature.tex;paper/sections/04_calibration.tex;paper/sections/05_protocol.tex;paper/sections/06_shape.tex;paper/sections/07_stress.tex,STRUCTURAL,
2001,int,2,paper/sections/05_protocol.tex;paper/sections/07_stress.tex,BLINDSPOT_3_SMALL_INT,
2002,int,1,paper/sections/04_calibration.tex,BLINDSPOT_3_SMALL_INT,
2004,int,2,paper/sections/02_literature.tex;paper/sections/07_stress.tex,BLINDSPOT_3_SMALL_INT,
2005,int,3,paper/sections/02_literature.tex;paper/sections/04_calibration.tex,BLINDSPOT_3_SMALL_INT,
2007,int,1,paper/sections/02_literature.tex,BLINDSPOT_3_SMALL_INT,
2008,int,3,paper/sections/02_literature.tex;paper/sections/04_calibration.tex,BLINDSPOT_3_SMALL_INT,
2009,int,1,paper/sections/04_calibration.tex,BLINDSPOT_3_SMALL_INT,
201,int,1,paper/sections/09_sensitivity.tex,BLINDSPOT_3_SMALL_INT,
2010,int,2,paper/sections/02_literature.tex;paper/sections/05_protocol.tex,BLINDSPOT_3_SMALL_INT,
2012,int,4,paper/sections/02_literature.tex;paper/sections/04_calibration.tex;paper/sections/06_shape.tex,BLINDSPOT_3_SMALL_INT,
2013,int,1,paper/sections/01_introduction.tex,BLINDSPOT_3_SMALL_INT,
2014,int,1,paper/sections/02_literature.tex,BLINDSPOT_3_SMALL_INT,
2016,int,1,paper/sections/02_literature.tex,BLINDSPOT_3_SMALL_INT,
2017,int,2,paper/sections/02_literature.tex;paper/sections/05_protocol.tex,BLINDSPOT_3_SMALL_INT,
2020,int,5,paper/sections/02_literature.tex;paper/sections/04_calibration.tex;paper/sections/05_protocol.tex;paper/sections/06_shape.tex;paper/sections/11_limitations.tex,BLINDSPOT_3_SMALL_INT,
2024,int,1,paper/sections/04_calibration.tex,BLINDSPOT_3_SMALL_INT,
2025,int,8,paper/sections/01_introduction.tex;paper/sections/02_literature.tex;paper/sections/06_shape.tex;paper/sections/08_fiscal.tex,BLINDSPOT_3_SMALL_INT,
21,int,1,paper/sections/07_stress.tex,BLINDSPOT_3_SMALL_INT,
22,int,1,paper/sections/06_shape.tex,BLINDSPOT_3_SMALL_INT,
24,int,1,paper/appendices/a_validation.tex,BLINDSPOT_3_SMALL_INT,
2419,int,1,paper/sections/02_literature.tex,BLINDSPOT_3_SMALL_INT,
25,int,1,paper/sections/09_sensitivity.tex,BLINDSPOT_3_SMALL_INT,
250,int,1,paper/sections/07_stress.tex,BLINDSPOT_3_SMALL_INT,
256,int,3,paper/sections/09_sensitivity.tex;paper/sections/11_limitations.tex,BLINDSPOT_3_SMALL_INT,
26,int,1,paper/sections/08_fiscal.tex,BLINDSPOT_3_SMALL_INT,
29,int,1,paper/sections/08_fiscal.tex,BLINDSPOT_3_SMALL_INT,
299,int,1,paper/sections/08_fiscal.tex,BLINDSPOT_3_SMALL_INT,
3,int,19,paper/appendices/a_validation.tex;paper/sections/04_calibration.tex;paper/sections/05_protocol.tex;paper/sections/07_stress.tex;paper/sections/09_sensitivity.tex;paper/sections/10_discussion.tex,STRUCTURAL,
31,int,1,paper/sections/11_limitations.tex,BLINDSPOT_3_SMALL_INT,
34,int,2,paper/sections/07_stress.tex,BLINDSPOT_3_SMALL_INT,
3410,int,1,paper/appendices/a_validation.tex,BLINDSPOT_3_SMALL_INT,
353,int,1,paper/sections/09_sensitivity.tex,BLINDSPOT_3_SMALL_INT,
38,int,1,paper/sections/07_stress.tex,BLINDSPOT_3_SMALL_INT,
4,int,7,paper/appendices/a_validation.tex;paper/sections/04_calibration.tex;paper/sections/09_sensitivity.tex,BLINDSPOT_3_SMALL_INT,
43,int,1,paper/sections/07_stress.tex,BLINDSPOT_3_SMALL_INT,
477,int,1,paper/sections/09_sensitivity.tex,BLINDSPOT_1_DERIVED,
49,int,1,paper/sections/05_protocol.tex,BLINDSPOT_3_SMALL_INT,
5,int,5,paper/appendices/a_validation.tex;paper/sections/04_calibration.tex;paper/sections/05_protocol.tex;paper/sections/09_sensitivity.tex,STRUCTURAL,
50,int,3,paper/sections/05_protocol.tex;paper/sections/06_shape.tex;paper/sections/11_limitations.tex,STRUCTURAL,
538,int,2,paper/sections/09_sensitivity.tex,BLINDSPOT_1_DERIVED,
569,int,1,paper/appendices/a_validation.tex,BLINDSPOT_4_MEASURED_NO_CSV,
58,int,1,paper/sections/04_calibration.tex,BLINDSPOT_3_SMALL_INT,
6,int,1,paper/sections/07_stress.tex,STRUCTURAL,
602,int,1,paper/sections/09_sensitivity.tex,BLINDSPOT_3_SMALL_INT,
7,int,5,paper/appendices/a_validation.tex;paper/sections/07_stress.tex,STRUCTURAL,
75,int,1,paper/sections/09_sensitivity.tex,BLINDSPOT_3_SMALL_INT,
77,int,1,paper/sections/02_literature.tex,BLINDSPOT_3_SMALL_INT,
8,int,5,paper/appendices/a_validation.tex;paper/sections/07_stress.tex,STRUCTURAL,
821,int,1,paper/sections/09_sensitivity.tex,BLINDSPOT_3_SMALL_INT,
832,int,2,paper/sections/09_sensitivity.tex,BLINDSPOT_3_SMALL_INT,
843,int,2,paper/sections/09_sensitivity.tex,COVERED_RESULT,
9,int,1,paper/sections/03_model.tex,BLINDSPOT_3_SMALL_INT,
90,int,2,paper/sections/07_stress.tex,STRUCTURAL,
95,int,5,paper/appendices/a_validation.tex;paper/sections/06_shape.tex;paper/sections/07_stress.tex,BLINDSPOT_3_SMALL_INT,
97,int,1,paper/sections/03_model.tex,BLINDSPOT_3_SMALL_INT,
