c0,eta,rr,sigma,rho,frac_seeds_collapsed,frac_seeds_U1,mean_U,Y,mean_tax,frac_periods_at_cap
2.0,0.1,0.0,0.05,0.35,0.95,0.95,0.9755,4.3380641791464045,0.0,0.0
2.0,0.1,0.0,0.05,0.4,0.0,0.0,0.5101470588235294,88.85575346648838,0.0,0.0
2.0,0.1,0.0,0.05,0.45,0.0,0.0,0.2062549019607843,144.48611258857122,0.0,0.0
2.0,0.1,0.0,0.05,0.5,0.0,0.0,0.0715,168.4521770857374,0.0,0.0
2.0,0.1,0.0,0.05,0.55,0.0,0.0,0.015813725490196093,177.59313643060156,0.0,0.0
2.0,0.1,0.0,0.05,0.6,0.0,0.0,0.007127450980392164,178.27626712467793,0.0,0.0
2.0,0.1,0.0,0.05,0.65,0.0,0.0,0.0,181.13378848009845,0.0,0.0
2.0,0.1,0.0,0.3,0.35,0.0,0.0,0.2733627450980392,131.04938108436335,0.0,0.0
2.0,0.1,0.0,0.3,0.4,0.0,0.0,0.3317254901960784,126.86747714176383,0.0,0.0
2.0,0.1,0.0,0.3,0.45,0.0,0.0,0.3084019607843137,133.07987633989234,0.0,0.0
2.0,0.1,0.0,0.3,0.5,0.0,0.0,0.06716666666666668,171.3362910621775,0.0,0.0
2.0,0.1,0.0,0.3,0.55,0.0,0.0,0.010078431372549029,180.91591780017512,0.0,0.0
2.0,0.1,0.0,0.3,0.6,0.0,0.0,0.002843137254901963,184.30985763535674,0.0,0.0
2.0,0.1,0.0,0.3,0.65,0.0,0.0,0.0,192.32871435529393,0.0,0.0
2.0,0.1,0.0,0.4,0.35,0.05,0.05,0.26082352941176473,129.62935030078253,0.0,0.0
2.0,0.1,0.0,0.4,0.4,0.0,0.0,0.3241470588235294,127.80168372446676,0.0,0.0
2.0,0.1,0.0,0.4,0.45,0.0,0.0,0.3092549019607843,133.32120621159217,0.0,0.0
2.0,0.1,0.0,0.4,0.5,0.0,0.0,0.019813725490196096,179.22788778435532,0.0,0.0
2.0,0.1,0.0,0.4,0.55,0.0,0.0,0.010009803921568635,181.7594386162631,0.0,0.0
2.0,0.1,0.0,0.4,0.6,0.0,0.0,0.0,188.43420158977716,0.0,0.0
2.0,0.1,0.0,0.4,0.65,0.0,0.0,0.0,196.79704438268044,0.0,0.0
2.0,0.1,0.0,0.5,0.35,0.0,0.0,0.15969607843137257,137.31508601777116,0.0,0.0
2.0,0.1,0.0,0.5,0.4,0.0,0.0,0.22942156862745094,139.0690531665893,0.0,0.0
2.0,0.1,0.0,0.5,0.45,0.0,0.0,0.3314019607843137,130.29051310669288,0.0,0.0
2.0,0.1,0.0,0.5,0.5,0.0,0.0,0.020264705882352956,179.97992964971948,0.0,0.0
2.0,0.1,0.0,0.5,0.55,0.0,0.0,0.010058823529411775,182.59019751235445,0.0,0.0
2.0,0.1,0.0,0.5,0.6,0.0,0.0,0.0,192.48518791495138,0.0,0.0
2.0,0.1,0.0,0.5,0.65,0.0,0.0,0.0,201.31364036153312,0.0,0.0
2.0,0.1,0.0,0.6,0.35,0.05,0.05,0.1875686274509804,130.22454954652127,0.0,0.0
2.0,0.1,0.0,0.6,0.4,0.0,0.0,0.13926470588235296,142.48487576249713,0.0,0.0
2.0,0.1,0.0,0.6,0.45,0.0,0.0,0.35847058823529415,125.69499449480861,0.0,0.0
2.0,0.1,0.0,0.6,0.5,0.0,0.0,0.02083333333333335,180.30525716471107,0.0,0.0
2.0,0.1,0.0,0.6,0.55,0.0,0.0,0.009980392156862753,183.45074930396873,0.0,0.0
2.0,0.1,0.0,0.6,0.6,0.0,0.0,0.0,194.98368520240967,0.0,0.0
2.0,0.1,0.0,0.6,0.65,0.0,0.0,0.0,206.34943732231267,0.0,0.0
2.0,0.1,0.0,0.7,0.35,0.05,0.05,0.21575490196078434,121.41266551330621,0.0,0.0
2.0,0.1,0.0,0.7,0.4,0.0,0.0,0.1896078431372549,126.52612330135037,0.0,0.0
2.0,0.1,0.0,0.7,0.45,0.0,0.0,0.2594607843137255,120.16229306746793,0.0,0.0
2.0,0.1,0.0,0.7,0.5,0.0,0.0,0.251843137254902,118.73309469178096,0.0,0.0
2.0,0.1,0.0,0.7,0.55,0.0,0.0,0.03447058823529413,177.515367508981,0.0,0.0
2.0,0.1,0.0,0.7,0.6,0.0,0.0,0.0,199.5191737126586,0.0,0.0
2.0,0.1,0.0,0.7,0.65,0.0,0.0,0.358,143.2018579977353,0.0,0.0
2.0,0.1,0.0,0.8,0.35,0.5,0.5,0.5976764705882353,60.392265389031685,0.0,0.0
2.0,0.1,0.0,0.8,0.4,0.0,0.0,0.21736274509803924,117.41344820440432,0.0,0.0
2.0,0.1,0.0,0.8,0.45,0.0,0.0,0.2577549019607843,112.18641358219368,0.0,0.0
2.0,0.1,0.0,0.8,0.5,0.0,0.0,0.2851372549019608,107.81697965529717,0.0,0.0
2.0,0.1,0.0,0.8,0.55,0.0,0.0,0.20075490196078433,134.28315332983505,0.0,0.0
2.0,0.1,0.0,0.8,0.6,0.0,0.0,0.0,204.94891830869074,0.0,0.0
2.0,0.1,0.0,0.8,0.65,0.0,0.0,0.44022549019607843,128.66512814548815,0.0,0.0
2.0,0.1,0.0,0.9,0.35,1.0,1.0,1.0,0.0,0.0,0.0
2.0,0.1,0.0,0.9,0.4,0.0,0.0,0.2701372549019608,105.49835458456432,0.0,0.0
2.0,0.1,0.0,0.9,0.45,0.0,0.0,0.3231764705882353,104.37407239834127,0.0,0.0
2.0,0.1,0.0,0.9,0.5,0.0,0.0,0.39869607843137256,105.51373109440752,0.0,0.0
2.0,0.1,0.0,0.9,0.55,0.0,0.0,0.3871764705882353,98.42324584014652,0.0,0.0
2.0,0.1,0.0,0.9,0.6,0.0,0.0,0.4455882352941177,123.81979680314528,0.0,0.0
2.0,0.1,0.0,0.9,0.65,0.0,0.0,0.4538333333333333,126.5919100214679,0.0,0.0
2.0,0.1,0.0,1.0,0.35,1.0,1.0,1.0,0.0,0.0,0.0
2.0,0.1,0.0,1.0,0.4,0.05,0.05,0.29577450980392156,97.78516530288138,0.0,0.0
2.0,0.1,0.0,1.0,0.45,0.0,0.0,0.3691372549019608,97.4839014648185,0.0,0.0
2.0,0.1,0.0,1.0,0.5,0.0,0.0,0.3840588235294118,95.63851578491416,0.0,0.0
2.0,0.1,0.0,1.0,0.55,0.0,0.0,0.4466176470588235,91.41813920145852,0.0,0.0
2.0,0.1,0.0,1.0,0.6,0.0,0.0,0.4514607843137255,122.68527898632426,0.0,0.0
2.0,0.1,0.0,1.0,0.65,0.0,0.0,0.4658039215686275,124.66476376092696,0.0,0.0
2.0,0.1,0.0,1.25,0.35,1.0,1.0,1.0,2.093733105281683e-41,0.0,0.0
2.0,0.1,0.0,1.25,0.4,0.9,0.9,0.9643725490196079,4.379790062322716,0.0,0.0
2.0,0.1,0.0,1.25,0.45,0.05,0.05,0.3831666666666667,76.21864856222325,0.0,0.0
2.0,0.1,0.0,1.25,0.5,0.0,0.0,0.3759705882352941,78.70258820693797,0.0,0.0
2.0,0.1,0.0,1.25,0.55,0.0,0.0,0.4009117647058823,79.20108338647478,0.0,0.0
2.0,0.1,0.0,1.25,0.6,0.0,0.0,0.4516960784313725,120.43102283501575,0.0,0.0
2.0,0.1,0.0,1.25,0.65,0.0,0.0,0.48072549019607846,120.48159527679711,0.0,0.0
2.0,0.1,0.0,1.5,0.35,1.0,1.0,1.0,4.3150751736438536e-42,0.0,0.0
2.0,0.1,0.0,1.5,0.4,1.0,1.0,1.0,1.832259676571705e-41,0.0,0.0
2.0,0.1,0.0,1.5,0.45,1.0,1.0,1.0,1.5749402399415351e-40,0.0,0.0
2.0,0.1,0.0,1.5,0.5,0.95,0.95,0.9710392156862746,4.6786251127274365,0.0,0.0
2.0,0.1,0.0,1.5,0.55,0.05,0.05,0.41382352941176476,116.69367688948398,0.0,0.0
2.0,0.1,0.0,1.5,0.6,0.0,0.0,0.43128431372549014,120.77413918274813,0.0,0.0
2.0,0.1,0.0,1.5,0.65,0.0,0.0,0.4689117647058823,119.63814328374693,0.0,0.0
2.0,0.1,0.5,0.05,0.35,1.0,1.0,1.0,0.0,0.0,0.0
2.0,0.1,0.5,0.05,0.4,1.0,1.0,1.0,0.0,0.0,0.0
2.0,0.1,0.5,0.05,0.45,0.1,0.1,0.5515,80.62009294642091,0.2537569162056899,0.0
2.0,0.1,0.5,0.05,0.5,0.0,0.0,0.020960784313725507,176.37023070962738,0.0083719155564847,0.0
2.0,0.1,0.5,0.05,0.55,0.0,0.0,0.015313725490196092,177.4088984091049,0.006442115051731432,0.0
2.0,0.1,0.5,0.05,0.6,0.0,0.0,0.005754901960784318,178.43449448376919,0.002449256804836028,0.0
2.0,0.1,0.5,0.05,0.65,0.0,0.0,0.0,181.22936796474602,0.0,0.0
2.0,0.1,0.5,0.3,0.35,1.0,1.0,1.0,0.0,0.0,0.0
2.0,0.1,0.5,0.3,0.4,0.0,0.0,0.22819607843137252,145.57492092288305,0.08767776199314208,0.0
2.0,0.1,0.5,0.3,0.45,0.0,0.0,0.12574509803921569,159.09478513401385,0.05457896401631701,0.0
2.0,0.1,0.5,0.3,0.5,0.0,0.0,0.031049019607843155,176.9041899092798,0.012957632203236372,0.0
2.0,0.1,0.5,0.3,0.55,0.0,0.0,0.009656862745098048,181.0915730007933,0.004061246062039394,0.0
2.0,0.1,0.5,0.3,0.6,0.0,0.0,0.0015000000000000013,184.41622174983974,0.0006195183797798156,0.0
2.0,0.1,0.5,0.3,0.65,0.0,0.0,0.0,192.36322011081052,0.0,0.0
2.0,0.1,0.5,0.4,0.35,1.0,1.0,1.0,0.0,0.0,0.0
2.0,0.1,0.5,0.4,0.4,0.0,0.0,0.10157843137254904,156.450098055737,0.04225025435938785,0.0
2.0,0.1,0.5,0.4,0.45,0.0,0.0,0.09946078431372549,159.98758690144146,0.049759469049244255,0.0
2.0,0.1,0.5,0.4,0.5,0.0,0.0,0.020990196078431392,178.7012416021503,0.009123902164845432,0.0
2.0,0.1,0.5,0.4,0.55,0.0,0.0,0.009970588235294127,181.8266678539842,0.004173435054020175,0.0
2.0,0.1,0.5,0.4,0.6,0.0,0.0,0.0,188.43680676730972,0.0,0.0
2.0,0.1,0.5,0.4,0.65,0.0,0.0,0.0,196.726990320758,0.0,0.0
2.0,0.1,0.5,0.5,0.35,0.95,0.95,0.9598823529411765,6.504751501528803,0.004067259687030868,0.0
2.0,0.1,0.5,0.5,0.4,0.0,0.0,0.14108823529411765,142.95478331158816,0.07147746270470481,0.0
2.0,0.1,0.5,0.5,0.45,0.0,0.0,0.1611862745098039,141.98635282008584,0.09925616771260157,0.0
2.0,0.1,0.5,0.5,0.5,0.0,0.0,0.020862745098039235,179.7075834769604,0.00902473070817229,0.0
2.0,0.1,0.5,0.5,0.55,0.0,0.0,0.009960784313725499,182.65133512634867,0.0041528320433149935,0.0
2.0,0.1,0.5,0.5,0.6,0.0,0.0,0.0,192.13632893747908,0.0,0.0
2.0,0.1,0.5,0.5,0.65,0.0,0.0,0.0,201.27961768199458,0.0,0.0
2.0,0.1,0.5,0.6,0.35,1.0,1.0,1.0,0.0,0.0,0.0
2.0,0.1,0.5,0.6,0.4,0.0,0.0,0.1721470588235294,133.22551247694008,0.09107163337465772,0.0
2.0,0.1,0.5,0.6,0.45,0.0,0.0,0.1946862745098039,136.40375060035927,0.11676511662961789,0.0
2.0,0.1,0.5,0.6,0.5,0.0,0.0,0.06575490196078433,172.08976449766823,0.03256233842431536,0.0
2.0,0.1,0.5,0.6,0.55,0.0,0.0,0.009960784313725499,183.56196354993682,0.004141596268827298,0.0
2.0,0.1,0.5,0.6,0.6,0.0,0.0,0.0005000000000000004,194.3892622473211,0.00020545089651611154,0.0
2.0,0.1,0.5,0.6,0.65,0.0,0.0,0.0,206.3355442122102,0.0,0.0
2.0,0.1,0.5,0.7,0.35,1.0,1.0,1.0,0.0,0.0,0.0
2.0,0.1,0.5,0.7,0.4,0.05,0.05,0.25601960784313726,122.8681859196635,0.09203548868683861,0.0
2.0,0.1,0.5,0.7,0.45,0.0,0.0,0.2608725490196079,137.22082167086958,0.12088959281506254,0.0
2.0,0.1,0.5,0.7,0.5,0.0,0.0,0.3070588235294118,129.4223697823365,0.15435074540108842,0.0
2.0,0.1,0.5,0.7,0.55,0.0,0.0,0.26550980392156864,132.51511313108853,0.16184509095416244,0.0
2.0,0.1,0.5,0.7,0.6,0.0,0.0,0.0,199.2664203396127,0.0,0.0
2.0,0.1,0.5,0.7,0.65,0.0,0.0,0.23829411764705882,168.83100089076964,0.09469048097337486,0.0
2.0,0.1,0.5,0.8,0.35,1.0,1.0,1.0,0.0,0.0,0.0
2.0,0.1,0.5,0.8,0.4,0.1,0.1,0.34729411764705886,107.9573996456331,0.1129977265193018,0.00196078431372549
2.0,0.1,0.5,0.8,0.45,0.0,0.0,0.2964019607843137,127.60050727368014,0.13639406383668512,0.00784313725490196
2.0,0.1,0.5,0.8,0.5,0.0,0.0,0.3479901960784314,116.11966212652335,0.19135829360574047,0.05
2.0,0.1,0.5,0.8,0.55,0.0,0.0,0.2981764705882353,107.95011427866476,0.24902018259864991,0.18725490196078431
2.0,0.1,0.5,0.8,0.6,0.0,0.0,0.10322549019607843,181.55860104951836,0.05727049564871065,0.000980392156862745
2.0,0.1,0.5,0.8,0.65,0.0,0.0,0.33267647058823524,153.1941805930316,0.13237756100455841,0.0
2.0,0.1,0.5,0.9,0.35,1.0,1.0,1.0,0.0,0.0,0.0
2.0,0.1,0.5,0.9,0.4,0.3,0.3,0.4837156862745098,78.1524867255453,0.08903141861690195,0.0
2.0,0.1,0.5,0.9,0.45,0.0,0.0,0.3207745098039216,112.76652500485709,0.16912037711013803,0.06470588235294118
2.0,0.1,0.5,0.9,0.5,0.0,0.0,0.32451960784313727,107.8458485542966,0.20944847380310977,0.16764705882352943
2.0,0.1,0.5,0.9,0.55,0.0,0.0,0.3741078431372549,109.52043481009734,0.21984400111772687,0.1303921568627451
2.0,0.1,0.5,0.9,0.6,0.0,0.0,0.3803725490196078,125.9931993104622,0.1884049930421383,0.05
2.0,0.1,0.5,0.9,0.65,0.0,0.0,0.3459901960784314,152.09826838288558,0.13779502850578,0.0
2.0,0.1,0.5,1.0,0.35,1.0,1.0,1.0,0.0,0.0,0.0
2.0,0.1,0.5,1.0,0.4,0.95,0.95,0.9635686274509805,5.050154229976733,0.008441752238610788,0.0058823529411764705
2.0,0.1,0.5,1.0,0.45,0.0,0.0,0.31391176470588233,108.663932695676,0.1656464229854721,0.05980392156862745
2.0,0.1,0.5,1.0,0.5,0.0,0.0,0.36408823529411766,105.25238128562732,0.20287425300123627,0.08137254901960785
2.0,0.1,0.5,1.0,0.55,0.0,0.0,0.375156862745098,99.66020195618785,0.23941695831534635,0.15784313725490196
2.0,0.1,0.5,1.0,0.6,0.0,0.0,0.4059607843137255,109.38710937463625,0.2278329170759407,0.10098039215686275
2.0,0.1,0.5,1.0,0.65,0.0,0.0,0.3555980392156862,150.87644705127485,0.14181087335017709,0.0
2.0,0.1,0.5,1.25,0.35,1.0,1.0,1.0,1.5993288341251678e-43,0.6000000000000001,1.0
2.0,0.1,0.5,1.25,0.4,1.0,1.0,1.0,5.596530581582554e-43,0.6000000000000001,1.0
2.0,0.1,0.5,1.25,0.45,1.0,1.0,1.0,7.891367192101264e-35,0.6000000000000001,1.0
2.0,0.1,0.5,1.25,0.5,0.25,0.25,0.5140196078431373,63.27869277861366,0.3225252881944892,0.34509803921568627
2.0,0.1,0.5,1.25,0.55,0.0,0.0,0.36602941176470594,79.26285231265865,0.2501184057768399,0.20686274509803923
2.0,0.1,0.5,1.25,0.6,0.0,0.0,0.38700980392156864,82.32147671327078,0.2617878509089654,0.242156862745098
2.0,0.1,0.5,1.25,0.65,0.0,0.0,0.3769411764705882,144.7085094927942,0.1552116424974998,0.0
2.0,0.1,0.5,1.5,0.35,1.0,1.0,1.0,8.746407866834755e-43,0.6000000000000001,1.0
2.0,0.1,0.5,1.5,0.4,1.0,1.0,1.0,1.7351112268337518e-42,0.6000000000000001,1.0
2.0,0.1,0.5,1.5,0.45,1.0,1.0,1.0,4.284882691654925e-42,0.6000000000000001,1.0
2.0,0.1,0.5,1.5,0.5,1.0,1.0,1.0,1.5197194968874145e-41,0.6000000000000001,1.0
2.0,0.1,0.5,1.5,0.55,1.0,1.0,1.0,1.6154757934908709e-40,0.6000000000000001,1.0
2.0,0.1,0.5,1.5,0.6,0.7,0.7,0.8417352941176471,26.148641481141574,0.5123578014664616,0.7
2.0,0.1,0.5,1.5,0.65,0.05,0.05,0.4141666666666667,128.8065588538666,0.18815833062707807,0.05
2.0,0.15,0.0,0.05,0.35,0.15,0.15,0.5905,73.4294069730595,0.0,0.0
2.0,0.15,0.0,0.05,0.4,0.0,0.0,0.4565196078431373,98.75049443100085,0.0,0.0
2.0,0.15,0.0,0.05,0.45,0.0,0.0,0.1768235294117647,149.81515206958204,0.0,0.0
2.0,0.15,0.0,0.05,0.5,0.0,0.0,0.050470588235294156,171.43146068608613,0.0,0.0
2.0,0.15,0.0,0.05,0.55,0.0,0.0,0.0410588235294118,173.12376692056372,0.0,0.0
2.0,0.15,0.0,0.05,0.6,0.0,0.0,0.03661764705882356,173.93862810341324,0.0,0.0
2.0,0.15,0.0,0.05,0.65,0.0,0.0,0.03454901960784316,174.74353156641814,0.0,0.0
2.0,0.15,0.0,0.3,0.35,0.0,0.0,0.2566666666666667,132.44580901634612,0.0,0.0
2.0,0.15,0.0,0.3,0.4,0.0,0.0,0.2493235294117647,138.01015294063552,0.0,0.0
2.0,0.15,0.0,0.3,0.45,0.0,0.0,0.12645098039215688,156.99611486390197,0.0,0.0
2.0,0.15,0.0,0.3,0.5,0.0,0.0,0.11503921568627451,156.6786318469821,0.0,0.0
2.0,0.15,0.0,0.3,0.55,0.0,0.0,0.15599019607843137,147.68431205527997,0.0,0.0
2.0,0.15,0.0,0.3,0.6,0.0,0.0,0.16894117647058823,145.17420522275947,0.0,0.0
2.0,0.15,0.0,0.3,0.65,0.0,0.0,0.10409803921568628,162.82645889271274,0.0,0.0
2.0,0.15,0.0,0.4,0.35,0.0,0.0,0.18189215686274512,137.01758182305784,0.0,0.0
2.0,0.15,0.0,0.4,0.4,0.0,0.0,0.12259803921568624,152.62978100416524,0.0,0.0
2.0,0.15,0.0,0.4,0.45,0.0,0.0,0.09245098039215686,160.20082554698655,0.0,0.0
2.0,0.15,0.0,0.4,0.5,0.0,0.0,0.1105686274509804,159.38719607038618,0.0,0.0
2.0,0.15,0.0,0.4,0.55,0.0,0.0,0.14448039215686276,152.1780348147456,0.0,0.0
2.0,0.15,0.0,0.4,0.6,0.0,0.0,0.20170588235294118,136.82122172258087,0.0,0.0
2.0,0.15,0.0,0.4,0.65,0.0,0.0,0.19020588235294117,141.25765613828622,0.0,0.0
2.0,0.15,0.0,0.5,0.35,0.0,0.0,0.1968333333333333,130.41459962364863,0.0,0.0
2.0,0.15,0.0,0.5,0.4,0.0,0.0,0.13512745098039214,145.42474066169524,0.0,0.0
2.0,0.15,0.0,0.5,0.45,0.0,0.0,0.16369607843137254,146.60280559925658,0.0,0.0
2.0,0.15,0.0,0.5,0.5,0.0,0.0,0.38696078431372555,125.2497657349755,0.0,0.0
2.0,0.15,0.0,0.5,0.55,0.0,0.0,0.32810784313725494,134.4084749924499,0.0,0.0
2.0,0.15,0.0,0.5,0.6,0.0,0.0,0.19295098039215688,140.3388132081543,0.0,0.0
2.0,0.15,0.0,0.5,0.65,0.0,0.0,0.2669117647058824,119.1077478811756,0.0,0.0
2.0,0.15,0.0,0.6,0.35,0.0,0.0,0.22828431372549018,121.5728937940947,0.0,0.0
2.0,0.15,0.0,0.6,0.4,0.0,0.0,0.2090686274509804,126.1946717457502,0.0,0.0
2.0,0.15,0.0,0.6,0.45,0.0,0.0,0.21974509803921566,125.46106326677648,0.0,0.0
2.0,0.15,0.0,0.6,0.5,0.0,0.0,0.3402058823529412,119.74946020157002,0.0,0.0
2.0,0.15,0.0,0.6,0.55,0.0,0.0,0.3214019607843137,117.27104096845724,0.0,0.0
2.0,0.15,0.0,0.6,0.6,0.0,0.0,0.280156862745098,112.75394669233586,0.0,0.0
2.0,0.15,0.0,0.6,0.65,0.0,0.0,0.3042254901960784,106.13167456426649,0.0,0.0
2.0,0.15,0.0,0.7,0.35,0.15,0.15,0.38411764705882356,92.74447759534034,0.0,0.0
2.0,0.15,0.0,0.7,0.4,0.0,0.0,0.25057843137254904,113.93594066191827,0.0,0.0
2.0,0.15,0.0,0.7,0.45,0.0,0.0,0.27985294117647064,108.28138595820299,0.0,0.0
2.0,0.15,0.0,0.7,0.5,0.0,0.0,0.29538235294117643,105.23587047463295,0.0,0.0
2.0,0.15,0.0,0.7,0.55,0.0,0.0,0.31433333333333335,101.27803023059978,0.0,0.0
2.0,0.15,0.0,0.7,0.6,0.0,0.0,0.3215882352941176,99.29616386563012,0.0,0.0
2.0,0.15,0.0,0.7,0.65,0.0,0.0,0.3373627450980392,96.13994071559081,0.0,0.0
2.0,0.15,0.0,0.8,0.35,0.8,0.8,0.8715098039215686,18.29875017914899,0.0,0.0
2.0,0.15,0.0,0.8,0.4,0.0,0.0,0.27815686274509804,105.13981813335143,0.0,0.0
2.0,0.15,0.0,0.8,0.45,0.0,0.0,0.2986470588235294,101.13792716768975,0.0,0.0
2.0,0.15,0.0,0.8,0.5,0.0,0.0,0.3232745098039216,96.57023424369245,0.0,0.0
2.0,0.15,0.0,0.8,0.55,0.0,0.0,0.3373529411764706,93.27401554790603,0.0,0.0
2.0,0.15,0.0,0.8,0.6,0.0,0.0,0.35416666666666663,91.93445991514255,0.0,0.0
2.0,0.15,0.0,0.8,0.65,0.0,0.0,0.4162941176470588,91.72046605763231,0.0,0.0
2.0,0.15,0.0,0.9,0.35,0.85,0.85,0.8960588235294118,14.504502768262256,0.0,0.0
2.0,0.15,0.0,0.9,0.4,0.05,0.05,0.3326176470588235,93.86574962694101,0.0,0.0
2.0,0.15,0.0,0.9,0.45,0.0,0.0,0.3209705882352941,93.87113926780793,0.0,0.0
2.0,0.15,0.0,0.9,0.5,0.0,0.0,0.34502941176470586,89.33727938533241,0.0,0.0
2.0,0.15,0.0,0.9,0.55,0.0,0.0,0.35121568627450983,87.63823327349755,0.0,0.0
2.0,0.15,0.0,0.9,0.6,0.0,0.0,0.3931862745098039,86.02847314543553,0.0,0.0
2.0,0.15,0.0,0.9,0.65,0.0,0.0,0.40612745098039216,83.63580088549647,0.0,0.0
2.0,0.15,0.0,1.0,0.35,0.95,0.95,0.9659607843137256,4.5766859298686935,0.0,0.0
2.0,0.15,0.0,1.0,0.4,0.2,0.2,0.4659411764705882,71.32928443829914,0.0,0.0
2.0,0.15,0.0,1.0,0.45,0.0,0.0,0.3513529411764706,85.3996868874016,0.0,0.0
2.0,0.15,0.0,1.0,0.5,0.0,0.0,0.36987254901960787,81.55195038991948,0.0,0.0
2.0,0.15,0.0,1.0,0.55,0.0,0.0,0.3767156862745098,79.9494816909262,0.0,0.0
2.0,0.15,0.0,1.0,0.6,0.0,0.0,0.3849313725490196,77.75049720697588,0.0,0.0
2.0,0.15,0.0,1.0,0.65,0.0,0.0,0.3971862745098039,75.14383791274341,0.0,0.0
2.0,0.15,0.0,1.25,0.35,1.0,1.0,1.0,2.8077094797487953e-43,0.0,0.0
2.0,0.15,0.0,1.25,0.4,1.0,1.0,1.0,3.185545561157951e-42,0.0,0.0
2.0,0.15,0.0,1.25,0.45,1.0,1.0,1.0,3.5558797193634964e-35,0.0,0.0
2.0,0.15,0.0,1.25,0.5,0.9,0.9,0.9368725490196079,7.899520605162948,0.0,0.0
2.0,0.15,0.0,1.25,0.55,0.05,0.05,0.5145882352941177,64.19937300440651,0.0,0.0
2.0,0.15,0.0,1.25,0.6,0.0,0.0,0.5372745098039216,73.39983105139684,0.0,0.0
2.0,0.15,0.0,1.25,0.65,0.0,0.0,0.5733823529411766,80.27557496713028,0.0,0.0
2.0,0.15,0.0,1.5,0.35,0.7,0.7,0.97,2.8711670810860657,0.0,0.0
2.0,0.15,0.0,1.5,0.4,0.9,0.9,0.99,0.9480802490737453,0.0,0.0
2.0,0.15,0.0,1.5,0.45,0.85,0.85,0.985,1.4272778206096306,0.0,0.0
2.0,0.15,0.0,1.5,0.5,0.4,0.4,0.807,18.655734251252856,0.0,0.0
2.0,0.15,0.0,1.5,0.55,0.0,0.0,0.6093823529411765,44.00079471491874,0.0,0.0
2.0,0.15,0.0,1.5,0.6,0.0,0.0,0.6004313725490196,57.73888332761669,0.0,0.0
2.0,0.15,0.0,1.5,0.65,0.0,0.0,0.47897058823529404,116.69576389652721,0.0,0.0
2.0,0.15,0.5,0.05,0.35,1.0,1.0,1.0,0.0,0.0,0.0
2.0,0.15,0.5,0.05,0.4,1.0,1.0,1.0,0.0,0.0,0.0
2.0,0.15,0.5,0.05,0.45,0.0,0.0,0.5016960784313725,90.21205669979867,0.27304638139653126,0.0
2.0,0.15,0.5,0.05,0.5,0.0,0.0,0.11758823529411766,159.33071309802125,0.05818360111351052,0.0
2.0,0.15,0.5,0.05,0.55,0.0,0.0,0.040000000000000036,173.36294495078505,0.016489754211409153,0.0
2.0,0.15,0.5,0.05,0.6,0.0,0.0,0.036833333333333364,173.7258445534083,0.01609556690664512,0.0
2.0,0.15,0.5,0.05,0.65,0.0,0.0,0.04320588235294119,172.86680209758748,0.022189340614779774,0.0
2.0,0.15,0.5,0.3,0.35,1.0,1.0,1.0,0.0,0.0,0.0
2.0,0.15,0.5,0.3,0.4,0.0,0.0,0.1049313725490196,156.26524411352327,0.0426822440301344,0.0
2.0,0.15,0.5,0.3,0.45,0.0,0.0,0.10261764705882355,158.0085879118008,0.05187389428292423,0.0
2.0,0.15,0.5,0.3,0.5,0.0,0.0,0.15383333333333335,147.74795466443982,0.10092177363485748,0.0
2.0,0.15,0.5,0.3,0.55,0.0,0.0,0.17605882352941177,142.82442726861152,0.13091865644917344,0.0
2.0,0.15,0.5,0.3,0.6,0.0,0.0,0.18432352941176472,141.02800736866433,0.1472492209301789,0.0
2.0,0.15,0.5,0.3,0.65,0.0,0.0,0.13200980392156864,154.76695498351242,0.09442039921699248,0.0
2.0,0.15,0.5,0.4,0.35,0.95,0.95,0.9668823529411764,5.460226070131645,0.007774235359807547,0.0
2.0,0.15,0.5,0.4,0.4,0.0,0.0,0.1354607843137255,148.6867573744164,0.05924949561959747,0.0
2.0,0.15,0.5,0.4,0.45,0.0,0.0,0.1719607843137255,140.99694907333992,0.10766190415117997,0.0
2.0,0.15,0.5,0.4,0.5,0.0,0.0,0.20250980392156864,134.54479380631415,0.15055642593366894,0.0
2.0,0.15,0.5,0.4,0.55,0.0,0.0,0.21923529411764706,131.28441504250483,0.18140598448658135,0.0
2.0,0.15,0.5,0.4,0.6,0.0,0.0,0.2348529411764706,129.90017793703237,0.20663057018075365,0.0
2.0,0.15,0.5,0.4,0.65,0.0,0.0,0.22703921568627453,134.08342147640207,0.19621386684093767,0.0
2.0,0.15,0.5,0.5,0.35,1.0,1.0,1.0,0.0,0.0,0.0
2.0,0.15,0.5,0.5,0.4,0.0,0.0,0.18188235294117647,134.5343782379613,0.0866212216613608,0.0029411764705882353
2.0,0.15,0.5,0.5,0.45,0.0,0.0,0.21669607843137256,128.5204656797147,0.1502906087413421,0.06862745098039216
2.0,0.15,0.5,0.5,0.5,0.0,0.0,0.2362058823529412,126.66669473131174,0.17975999020088554,0.10980392156862746
2.0,0.15,0.5,0.5,0.55,0.0,0.0,0.2740588235294118,130.99817657975467,0.18334814016554798,0.11862745098039215
2.0,0.15,0.5,0.5,0.6,0.0,0.0,0.284078431372549,129.93961841556057,0.2032381810381494,0.16666666666666669
2.0,0.15,0.5,0.5,0.65,0.0,0.0,0.3158235294117647,133.62676945872448,0.18951266981038614,0.11470588235294117
2.0,0.15,0.5,0.6,0.35,1.0,1.0,1.0,0.0,0.0,0.0
2.0,0.15,0.5,0.6,0.4,0.05,0.05,0.26121568627450975,116.72756790717028,0.10783573148720842,0.028431372549019607
2.0,0.15,0.5,0.6,0.45,0.0,0.0,0.26001960784313727,122.99396272897658,0.1471831008441224,0.0892156862745098
2.0,0.15,0.5,0.6,0.5,0.0,0.0,0.29483333333333334,126.15442162952033,0.1654711501792049,0.08725490196078431
2.0,0.15,0.5,0.6,0.55,0.0,0.0,0.3324019607843137,124.23482093693103,0.18243087554088577,0.08137254901960785
2.0,0.15,0.5,0.6,0.6,0.0,0.0,0.35810784313725497,128.79461170654028,0.17739087299878847,0.050980392156862744
2.0,0.15,0.5,0.6,0.65,0.0,0.0,0.3631372549019608,118.49012710564384,0.21980742067638964,0.15098039215686274
2.0,0.15,0.5,0.7,0.35,1.0,1.0,1.0,0.0,0.0,0.0
2.0,0.15,0.5,0.7,0.4,0.15,0.15,0.334921568627451,102.69874978274854,0.0869071062249103,0.004901960784313725
2.0,0.15,0.5,0.7,0.45,0.0,0.0,0.3185588235294118,113.84817182574166,0.17212993767770993,0.04803921568627451
2.0,0.15,0.5,0.7,0.5,0.0,0.0,0.33557843137254906,113.38566365160884,0.18924000026422869,0.08235294117647059
2.0,0.15,0.5,0.7,0.55,0.0,0.0,0.37728431372549026,112.45702411100237,0.2084066576133105,0.08333333333333333
2.0,0.15,0.5,0.7,0.6,0.0,0.0,0.36601960784313725,110.81415951614721,0.22271476739686863,0.14509803921568626
2.0,0.15,0.5,0.7,0.65,0.0,0.0,0.35734313725490197,104.2653466221448,0.24698984485507253,0.2450980392156863
2.0,0.15,0.5,0.8,0.35,1.0,1.0,1.0,0.0,0.0,0.0
2.0,0.15,0.5,0.8,0.4,0.7,0.7,0.7845980392156863,31.369493165438286,0.044478386090558146,0.0
2.0,0.15,0.5,0.8,0.45,0.0,0.0,0.31481372549019604,104.58442946327125,0.18570125617194772,0.061764705882352944
2.0,0.15,0.5,0.8,0.5,0.0,0.0,0.316156862745098,102.13592651303239,0.2036463876626621,0.13725490196078433
2.0,0.15,0.5,0.8,0.55,0.0,0.0,0.34591176470588236,100.64351267786036,0.22281938390077868,0.1696078431372549
2.0,0.15,0.5,0.8,0.6,0.0,0.0,0.3554607843137255,94.35070784113472,0.25058445132929535,0.26960784313725494
2.0,0.15,0.5,0.8,0.65,0.0,0.0,0.3740686274509804,95.40901773385359,0.2551515264315012,0.24901960784313726
2.0,0.15,0.5,0.9,0.35,1.0,1.0,1.0,0.0,0.0,0.0
2.0,0.15,0.5,0.9,0.4,1.0,1.0,1.0,0.0,0.0,0.0
2.0,0.15,0.5,0.9,0.45,0.05,0.05,0.3513235294117647,96.32645890903788,0.17447627945218877,0.04803921568627451
2.0,0.15,0.5,0.9,0.5,0.0,0.0,0.3518823529411764,91.74944574416182,0.24251842808546784,0.15294117647058822
2.0,0.15,0.5,0.9,0.55,0.0,0.0,0.37069607843137253,92.6580216646889,0.25164065086274856,0.22549019607843138
2.0,0.15,0.5,0.9,0.6,0.0,0.0,0.3659607843137255,91.69701381867225,0.24120711052595464,0.19607843137254902
2.0,0.15,0.5,0.9,0.65,0.0,0.0,0.41713725490196085,90.9171860481465,0.2651000886088574,0.20392156862745098
2.0,0.15,0.5,1.0,0.35,1.0,1.0,1.0,0.0,0.0,0.0
2.0,0.15,0.5,1.0,0.4,1.0,1.0,1.0,0.0,0.0,0.0
2.0,0.15,0.5,1.0,0.45,0.75,0.75,0.8447549019607843,20.330375334707224,0.05782009174210091,0.019607843137254905
2.0,0.15,0.5,1.0,0.5,0.0,0.0,0.35515686274509806,88.24093124371862,0.225124277548736,0.12058823529411763
2.0,0.15,0.5,1.0,0.55,0.0,0.0,0.37093137254901964,83.76151429029844,0.24364100144991707,0.19411764705882353
2.0,0.15,0.5,1.0,0.6,0.0,0.0,0.388686274509804,82.47739932100026,0.26710487884887457,0.26176470588235295
2.0,0.15,0.5,1.0,0.65,0.0,0.0,0.4011274509803922,79.8405106032562,0.27729609409443795,0.296078431372549
2.0,0.15,0.5,1.25,0.35,1.0,1.0,1.0,4.846440218469614e-44,0.6000000000000001,1.0
2.0,0.15,0.5,1.25,0.4,1.0,1.0,1.0,8.138544292994037e-44,0.6000000000000001,1.0
2.0,0.15,0.5,1.25,0.45,1.0,1.0,1.0,1.694415934783695e-43,0.6000000000000001,1.0
2.0,0.15,0.5,1.25,0.5,1.0,1.0,1.0,6.581567457992583e-43,0.6000000000000001,1.0
2.0,0.15,0.5,1.25,0.55,1.0,1.0,1.0,6.799138888262475e-31,0.6000000000000001,1.0
2.0,0.15,0.5,1.25,0.6,0.0,0.0,0.47540196078431374,78.84948418810234,0.3040328085405693,0.1588235294117647
2.0,0.15,0.5,1.25,0.65,0.0,0.0,0.4880490196078432,75.18666781754902,0.31501677921256643,0.2176470588235294
2.0,0.15,0.5,1.5,0.35,1.0,1.0,1.0,4.323168172850423e-43,0.6000000000000001,1.0
2.0,0.15,0.5,1.5,0.4,1.0,1.0,1.0,6.034752780991396e-43,0.6000000000000001,1.0
2.0,0.15,0.5,1.5,0.45,1.0,1.0,1.0,8.932038220566977e-43,0.6000000000000001,1.0
2.0,0.15,0.5,1.5,0.5,1.0,1.0,1.0,1.481127568331644e-42,0.6000000000000001,1.0
2.0,0.15,0.5,1.5,0.55,1.0,1.0,1.0,2.823687318827405e-42,0.6000000000000001,1.0
2.0,0.15,0.5,1.5,0.6,1.0,1.0,1.0,7.069669144584985e-42,0.6000000000000001,1.0
2.0,0.15,0.5,1.5,0.65,1.0,1.0,1.0,3.5488398059448293e-41,0.6000000000000001,1.0
