c0,eta,sigma,rho,Y,U,Wage_Rate,Wage_Floor_Binding,collapsed,floored,binding,frac_seeds_collapsed,mixed_basin
1.0,0.0,0.05,0.35,54.071624441922985,0.6966666666666667,0.9,0.0,False,False,capital,0.3333333333333333,True
1.0,0.0,0.05,0.4,84.77289607883479,0.5333333333333334,0.9,0.0,False,False,demand,0.0,False
1.0,0.0,0.05,0.45,97.087785453484,0.46666666666666656,0.9,0.0,False,False,demand,0.0,False
1.0,0.0,0.05,0.5,99.83832403312073,0.4516339869281045,0.9,0.0,False,False,demand,0.0,False
1.0,0.0,0.05,0.55,101.96260757918088,0.44,0.9,0.0,False,False,demand,0.0,False
1.0,0.0,0.05,0.6,114.7098980544251,0.36999999999999994,0.9,0.0,False,False,demand,0.0,False
1.0,0.0,0.05,0.65,118.95870198977538,0.3466666666666666,0.9,0.0,False,False,demand,0.0,False
1.0,0.0,0.3,0.35,89.67759653627944,0.4936601307189543,0.9,0.0,False,False,demand,0.0,False
1.0,0.0,0.3,0.4,87.19203021593047,0.5344444444444445,0.9,0.0,False,False,demand,0.0,False
1.0,0.0,0.3,0.45,90.10480971967233,0.5333333333333334,0.9,0.0,False,False,demand,0.0,False
1.0,0.0,0.3,0.5,91.08918542628815,0.5366666666666667,0.9,0.0,False,False,demand,0.0,False
1.0,0.0,0.3,0.55,93.65049846146718,0.5298039215686275,0.9,0.0,False,False,demand,0.0,False
1.0,0.0,0.3,0.6,94.15594362035431,0.5311764705882354,0.9,0.0,False,False,demand,0.0,False
1.0,0.0,0.3,0.65,104.06024288456724,0.48725490196078436,0.9,0.0,False,False,demand,0.0,False
1.0,0.0,0.4,0.35,91.40705582913886,0.4869281045751634,0.9,0.0,False,False,demand,0.0,False
1.0,0.0,0.4,0.4,87.05222124480264,0.534248366013072,0.9,0.0,False,False,demand,0.0,False
1.0,0.0,0.4,0.45,86.99056473473775,0.5508496732026144,0.9,0.0,False,False,demand,0.0,False
1.0,0.0,0.4,0.5,88.18527327225468,0.55718954248366,0.9,0.0,False,False,demand,0.0,False
1.0,0.0,0.4,0.55,93.10695120999634,0.5433333333333333,0.9,0.0,False,False,demand,0.0,False
1.0,0.0,0.4,0.6,94.77790272399602,0.541764705882353,0.9,0.0,False,False,demand,0.0,False
1.0,0.0,0.4,0.65,95.49863068716711,0.5433333333333333,0.9,0.0,False,False,demand,0.0,False
1.0,0.0,0.5,0.35,92.5237638364252,0.4683006535947713,0.9,0.0,False,False,demand,0.0,False
1.0,0.0,0.5,0.4,87.70332621374764,0.5279084967320262,0.9,0.0,False,False,demand,0.0,False
1.0,0.0,0.5,0.45,86.17371680230366,0.5571895424836601,0.9,0.0,False,False,demand,0.0,False
1.0,0.0,0.5,0.5,88.71209956537716,0.560718954248366,0.9,0.0,False,False,demand,0.0,False
1.0,0.0,0.5,0.55,90.36257149815594,0.5622222222222223,0.9,0.0,False,False,demand,0.0,False
1.0,0.0,0.5,0.6,91.82804377329279,0.5652941176470588,0.9,0.0,False,False,demand,0.0,False
1.0,0.0,0.5,0.65,94.94759454612284,0.5586928104575163,0.9,0.0,False,False,demand,0.0,False
1.0,0.0,0.6,0.35,93.68732905871444,0.4566666666666666,0.9,0.0,False,False,demand,0.0,False
1.0,0.0,0.6,0.4,88.67757740992751,0.5175163398692811,0.9,0.0,False,False,demand,0.0,False
1.0,0.0,0.6,0.45,87.9669136281765,0.5443790849673203,0.9,0.0,False,False,demand,0.0,False
1.0,0.0,0.6,0.5,88.1764551286925,0.5644444444444444,0.9,0.0,False,False,demand,0.0,False
1.0,0.0,0.6,0.55,89.40030384983955,0.5716993464052288,0.9,0.0,False,False,demand,0.0,False
1.0,0.0,0.6,0.6,91.50438211764265,0.575359477124183,0.9,0.0,False,False,demand,0.0,False
1.0,0.0,0.6,0.65,93.74800762444364,0.573921568627451,0.9,0.0,False,False,demand,0.0,False
1.0,0.0,0.7,0.35,93.78953310526576,0.4524183006535947,0.9,0.0,False,False,demand,0.0,False
1.0,0.0,0.7,0.4,90.01699971275468,0.5047712418300653,0.9,0.0,False,False,demand,0.0,False
1.0,0.0,0.7,0.45,87.33165290791509,0.5486928104575163,0.9,0.0,False,False,demand,0.0,False
1.0,0.0,0.7,0.5,86.06037036773178,0.5737908496732027,0.9,0.0,False,False,demand,0.0,False
1.0,0.0,0.7,0.55,89.49359015395557,0.5754248366013073,0.9,0.0,False,False,demand,0.0,False
1.0,0.0,0.7,0.6,90.42162778798559,0.5843790849673204,0.9,0.0,False,False,demand,0.0,False
1.0,0.0,0.7,0.65,90.06723409082262,0.5973856209150328,0.9,0.0,False,False,demand,0.0,False
1.0,0.0,0.8,0.35,95.6521767166181,0.4276470588235293,0.9,0.0,False,False,demand,0.0,False
1.0,0.0,0.8,0.4,88.8299436290506,0.5099346405228758,0.9,0.0,False,False,demand,0.0,False
1.0,0.0,0.8,0.45,87.66161272244864,0.5447712418300653,0.9,0.0,False,False,demand,0.0,False
1.0,0.0,0.8,0.5,87.50759336821761,0.5676470588235295,0.9,0.0,False,False,demand,0.0,False
1.0,0.0,0.8,0.55,90.03781486285408,0.5758823529411766,0.9,0.0,False,False,demand,0.0,False
1.0,0.0,0.8,0.6,90.18024130756596,0.5883660130718954,0.9,0.0,False,False,demand,0.0,False
1.0,0.0,0.8,0.65,90.27138136747719,0.6013071895424836,0.9,0.0,False,False,demand,0.0,False
1.0,0.0,0.9,0.35,95.26780268223605,0.42150326797385623,0.9,0.0,False,False,demand,0.0,False
1.0,0.0,0.9,0.4,90.53560187473163,0.4902614379084967,0.9,0.0,False,False,demand,0.0,False
1.0,0.0,0.9,0.45,88.08922053044506,0.5358823529411766,0.9,0.0,False,False,demand,0.0,False
1.0,0.0,0.9,0.5,86.50661638121987,0.5690849673202615,0.9,0.0,False,False,demand,0.0,False
1.0,0.0,0.9,0.55,87.41936128822853,0.5850326797385622,0.9,0.0,False,False,demand,0.0,False
1.0,0.0,0.9,0.6,88.32083594097122,0.5976470588235294,0.9,0.0,False,False,demand,0.0,False
1.0,0.0,0.9,0.65,89.05502743743172,0.605686274509804,0.9,0.0,False,False,demand,0.0,False
1.0,0.0,1.0,0.35,95.27839643944351,0.41339869281045755,0.9,0.0,False,False,demand,0.0,False
1.0,0.0,1.0,0.4,90.6229179690544,0.48496732026143796,0.9,0.0,False,False,demand,0.0,False
1.0,0.0,1.0,0.45,88.65060147339209,0.5265359477124184,0.9,0.0,False,False,demand,0.0,False
1.0,0.0,1.0,0.5,87.8471438038744,0.5605882352941177,0.9,0.0,False,False,demand,0.0,False
1.0,0.0,1.0,0.55,86.92807969841209,0.5866666666666666,0.9,0.0,False,False,demand,0.0,False
1.0,0.0,1.0,0.6,88.51941141614073,0.5932026143790851,0.9,0.0,False,False,demand,0.0,False
1.0,0.0,1.0,0.65,84.91835949856143,0.6271241830065359,0.9,0.0,False,False,demand,0.0,False
1.0,0.0,1.25,0.35,100.35499845559457,0.35274509803921567,0.9,0.0,False,False,demand,0.0,False
1.0,0.0,1.25,0.4,95.46862304436458,0.4275163398692811,0.9,0.0,False,False,demand,0.0,False
1.0,0.0,1.25,0.45,89.7102284269453,0.5045098039215686,0.9,0.0,False,False,demand,0.0,False
1.0,0.0,1.25,0.5,86.75650572451882,0.5469934640522877,0.9,0.0,False,False,demand,0.0,False
1.0,0.0,1.25,0.55,87.17939032513027,0.5751633986928105,0.9,0.0,False,False,demand,0.0,False
1.0,0.0,1.25,0.6,88.00770603365642,0.5883660130718955,0.9,0.0,False,False,demand,0.0,False
1.0,0.0,1.25,0.65,86.72339809232373,0.6189542483660131,0.9,0.0,False,False,demand,0.0,False
1.0,0.0,1.5,0.35,104.26755527128687,0.2966666666666667,0.9,0.0,False,False,demand,0.0,False
1.0,0.0,1.5,0.4,96.81587825663037,0.39686274509803915,0.9,0.0,False,False,demand,0.0,False
1.0,0.0,1.5,0.45,90.65861821452899,0.47771241830065353,0.9,0.0,False,False,demand,0.0,False
1.0,0.0,1.5,0.5,88.0939947239931,0.5224836601307189,0.9,0.0,False,False,demand,0.0,False
1.0,0.0,1.5,0.55,86.552467017697,0.5584313725490196,0.9,0.0,False,False,demand,0.0,False
1.0,0.0,1.5,0.6,84.11072737779386,0.6013725490196078,0.9,0.0,False,False,demand,0.0,False
1.0,0.0,1.5,0.65,82.04333545338785,0.6377124183006535,0.9,0.0,False,False,demand,0.0,False
1.0,0.05,0.05,0.35,81.31563463280607,0.5499999999999999,0.8669908128259524,0.0,False,False,capital,0.0,False
1.0,0.05,0.05,0.4,85.08787449027324,0.5320261437908498,0.8684307154455505,0.0,False,False,demand,0.0,False
1.0,0.05,0.05,0.45,87.98160051251615,0.5166666666666667,0.8697605797483959,0.0,False,False,demand,0.0,False
1.0,0.05,0.05,0.5,99.53281656484172,0.45333333333333337,0.8754154689042263,0.0,False,False,demand,0.0,False
1.0,0.05,0.05,0.55,101.3563963925369,0.44333333333333336,0.8763848880372085,0.0,False,False,demand,0.0,False
1.0,0.05,0.05,0.6,115.92389130962918,0.3633333333333333,0.8851976806223582,0.0,False,False,demand,0.0,False
1.0,0.05,0.05,0.65,111.67551457279113,0.3866666666666667,0.8825389496140286,0.0,False,False,demand,0.0,False
1.0,0.05,0.3,0.35,85.8301327566325,0.523202614379085,0.8691783386214446,0.0,False,False,demand,0.0,False
1.0,0.05,0.3,0.4,85.88463939690986,0.5452287581699347,0.867370327603818,0.0,False,False,demand,0.0,False
1.0,0.05,0.3,0.45,89.14283566382169,0.5416339869281046,0.867659220761702,0.0,False,False,demand,0.0,False
1.0,0.05,0.3,0.5,89.3560476035379,0.5476470588235295,0.8671708883833974,0.0,False,False,demand,0.0,False
1.0,0.05,0.3,0.55,91.27661807936954,0.5433333333333333,0.867516321091138,0.0,False,False,demand,0.0,False
1.0,0.05,0.3,0.6,92.84794783130064,0.5394117647058825,0.8678336032839135,0.0,False,False,demand,0.0,False
1.0,0.05,0.3,0.65,101.01400552552239,0.5033333333333333,0.8709117982918714,0.0,False,False,demand,0.0,False
1.0,0.05,0.4,0.35,87.43323917412715,0.5099346405228758,0.8703525158574759,0.0,False,False,demand,0.0,False
1.0,0.05,0.4,0.4,86.05326181175563,0.5456209150326797,0.8673480265109136,0.0,False,False,demand,0.0,False
1.0,0.05,0.4,0.45,85.08922705503822,0.564575163398693,0.8658699604085301,0.0,False,False,demand,0.0,False
1.0,0.05,0.4,0.5,87.0278226769235,0.5658169934640523,0.8657591897185931,0.0,False,False,demand,0.0,False
1.0,0.05,0.4,0.55,90.27793511002739,0.559607843137255,0.8662684176300063,0.0,False,False,demand,0.0,False
1.0,0.05,0.4,0.6,91.31284342925169,0.56,0.8662098932072629,0.0,False,False,demand,0.0,False
1.0,0.05,0.4,0.65,96.82623807191031,0.5390849673202616,0.8678670897190363,0.0,False,False,demand,0.0,False
1.0,0.05,0.5,0.35,89.04861350215232,0.49614379084967314,0.8715460143380337,0.0,False,False,demand,0.0,False
1.0,0.05,0.5,0.4,84.27805973598971,0.5527450980392157,0.8668010559634061,0.0,False,False,demand,0.0,False
1.0,0.05,0.5,0.45,85.41296850871704,0.5640522875816995,0.8658863559257616,0.0,False,False,demand,0.0,False
1.0,0.05,0.5,0.5,86.68552039728347,0.5712418300653596,0.8653341114592553,0.0,False,False,demand,0.0,False
1.0,0.05,0.5,0.55,87.90647093495694,0.577450980392157,0.8648907752847754,0.0,False,False,demand,0.0,False
1.0,0.05,0.5,0.6,90.62459421489807,0.572091503267974,0.8652818908890785,0.0,False,False,demand,0.0,False
1.0,0.05,0.5,0.65,91.98756606040395,0.5739869281045752,0.86515034296159,0.0,False,False,demand,0.0,False
1.0,0.05,0.6,0.35,88.43322774864596,0.48986928104575167,0.8720674683663953,0.0,False,False,demand,0.0,False
1.0,0.05,0.6,0.4,86.05831345771385,0.5398039215686276,0.8678265669588764,0.0,False,False,demand,0.0,False
1.0,0.05,0.6,0.45,84.62363126159296,0.5684313725490197,0.865580297326359,0.0,False,False,demand,0.0,False
1.0,0.05,0.6,0.5,85.37341898250092,0.5815686274509805,0.8645781832411492,0.0,False,False,demand,0.0,False
1.0,0.05,0.6,0.55,87.99279588811343,0.581830065359477,0.8645485378409902,0.0,False,False,demand,0.0,False
1.0,0.05,0.6,0.6,88.3467557612692,0.5890849673202614,0.8640191104594633,0.0,False,False,demand,0.0,False
1.0,0.05,0.6,0.65,91.18344129077855,0.587124183006536,0.864185661584731,0.0,False,False,demand,0.0,False
1.0,0.05,0.7,0.35,91.12606467627268,0.4658169934640523,0.8742678462824944,0.0,False,False,demand,0.0,False
1.0,0.05,0.7,0.4,85.70603442822183,0.5331372549019607,0.8683584799524323,0.0,False,False,demand,0.0,False
1.0,0.05,0.7,0.45,86.01332365800613,0.558235294117647,0.8663943970172293,0.0,False,False,demand,0.0,False
1.0,0.05,0.7,0.5,84.4814252833629,0.583529411764706,0.8644561977104351,0.0,False,False,demand,0.0,False
1.0,0.05,0.7,0.55,85.92522954998742,0.5954248366013072,0.8635986938000032,0.0,False,False,demand,0.0,False
1.0,0.05,0.7,0.6,88.74462851754373,0.5948366013071896,0.863579567432675,0.0,False,False,demand,0.0,False
1.0,0.05,0.7,0.65,85.90611181111841,0.6154248366013072,0.8622043215069723,0.0,False,False,demand,0.0,False
1.0,0.05,0.8,0.35,90.96526623377326,0.46189542483660134,0.8746650454404264,0.0,False,False,demand,0.0,False
1.0,0.05,0.8,0.4,87.69809291604206,0.5166666666666667,0.8697030453429027,0.0,False,False,demand,0.0,False
1.0,0.05,0.8,0.45,84.28081618153453,0.5606535947712419,0.8661883501193591,0.0,False,False,demand,0.0,False
1.0,0.05,0.8,0.5,86.41992522967638,0.5751633986928105,0.8650644724244309,0.0,False,False,demand,0.0,False
1.0,0.05,0.8,0.55,85.55575251402865,0.6003921568627452,0.8632734541988379,0.0,False,False,demand,0.0,False
1.0,0.05,0.8,0.6,83.79002776266655,0.617450980392157,0.8619741443416841,0.0,False,False,demand,0.0,False
1.0,0.05,0.8,0.65,85.5419946856161,0.6266666666666666,0.8614719519574079,0.0,False,False,demand,0.0,False
1.0,0.05,0.9,0.35,91.79412762834268,0.45032679738562087,0.8757241757622017,0.0,False,False,demand,0.0,False
1.0,0.05,0.9,0.4,86.55825397361569,0.5181045751633987,0.8696088922206195,0.0,False,False,demand,0.0,False
1.0,0.05,0.9,0.45,85.46788242302917,0.5494117647058824,0.8670911183066853,0.0,False,False,demand,0.0,False
1.0,0.05,0.9,0.5,84.25504218565861,0.5834640522875818,0.8644340245029438,0.0,False,False,demand,0.0,False
1.0,0.05,0.9,0.55,83.24606376639649,0.6084967320261438,0.8626982098512919,0.0,False,False,demand,0.0,False
1.0,0.05,0.9,0.6,83.18153129603553,0.6234640522875817,0.8616769054690878,0.0,False,False,demand,0.0,False
1.0,0.05,0.9,0.65,84.55550319030043,0.6305882352941178,0.861163609965979,0.0,False,False,demand,0.0,False
1.0,0.05,1.0,0.35,92.70752827369927,0.4352287581699346,0.8772969825099861,0.0,False,False,demand,0.0,False
1.0,0.05,1.0,0.4,88.01758343222032,0.5022875816993464,0.871078425386819,0.0,False,False,demand,0.0,False
1.0,0.05,1.0,0.45,84.86381839441225,0.5498039215686275,0.8670583671682855,0.0,False,False,demand,0.0,False
1.0,0.05,1.0,0.5,84.98194927832338,0.5764705882352942,0.864971020407974,0.0,False,False,demand,0.0,False
1.0,0.05,1.0,0.55,86.03014596870912,0.5919607843137255,0.863852819489988,0.0,False,False,demand,0.0,False
1.0,0.05,1.0,0.6,81.45639675001051,0.6296078431372548,0.861170230961526,0.0,False,False,demand,0.0,False
1.0,0.05,1.0,0.65,84.65871359832653,0.6350980392156863,0.8608775857877341,0.0,False,False,demand,0.0,False
1.0,0.05,1.25,0.35,98.78612877621867,0.36477124183006526,0.8851091995675985,0.0,False,False,demand,0.0,False
1.0,0.05,1.25,0.4,90.51610104315377,0.46352941176470575,0.8744645615484883,0.0,False,False,demand,0.0,False
1.0,0.05,1.25,0.45,85.76052122499097,0.5265359477124183,0.8688902260089914,0.0,False,False,demand,0.0,False
1.0,0.05,1.25,0.5,85.1817106675252,0.5611111111111112,0.8661065337661505,0.0,False,False,demand,0.0,False
1.0,0.05,1.25,0.55,83.5974693951956,0.5909803921568627,0.8638922409694753,0.0,False,False,demand,0.0,False
1.0,0.05,1.25,0.6,82.07414931072815,0.6169281045751633,0.8620434713851896,0.0,False,False,demand,0.0,False
1.0,0.05,1.25,0.65,81.04666905890788,0.6416339869281046,0.8603680539852485,0.0,False,False,demand,0.0,False
1.0,0.05,1.5,0.35,102.33036014008569,0.30764705882352944,0.8926044052302666,0.0,False,False,demand,0.0,False
1.0,0.05,1.5,0.4,93.56211294141035,0.4138562091503268,0.8796691192900945,0.0,False,False,demand,0.0,False
1.0,0.05,1.5,0.45,90.76370003937022,0.47607843137254885,0.8733556910984209,0.0,False,False,demand,0.0,False
1.0,0.05,1.5,0.5,86.31496128940721,0.5252287581699346,0.8690469471421943,0.0,False,False,demand,0.0,False
1.0,0.05,1.5,0.55,84.54307506542142,0.5683660130718954,0.8655715939791596,0.0,False,False,demand,0.0,False
1.0,0.05,1.5,0.6,83.79460407744857,0.5981699346405228,0.8633847927721937,0.0,False,False,demand,0.0,False
1.0,0.05,1.5,0.65,81.81045185010113,0.6262745098039216,0.8613998309407299,0.0,False,False,demand,0.0,False
1.0,0.1,0.05,0.35,81.39964725957226,0.5511111111111111,0.8350355289716563,0.0,False,False,demand,0.0,False
1.0,0.1,0.05,0.4,84.9104304248506,0.5333333333333334,0.8377601724278009,0.0,False,False,demand,0.0,False
1.0,0.1,0.05,0.45,86.77711006428525,0.5233333333333334,0.8393931178543307,0.0,False,False,demand,0.0,False
1.0,0.1,0.05,0.5,98.32048587954291,0.45999999999999996,0.8502555372458472,0.0,False,False,demand,0.0,False
1.0,0.1,0.05,0.55,100.14301527701757,0.44999999999999996,0.8521571953460191,0.0,False,False,demand,0.0,False
1.0,0.1,0.05,0.6,107.42683958174395,0.4100000000000001,0.8603316987167134,0.0,False,False,demand,0.0,False
1.0,0.1,0.05,0.65,114.71022849979737,0.36999999999999994,0.8691228858296839,0.0,False,False,demand,0.0,False
1.0,0.1,0.3,0.35,83.76761517698024,0.5422875816993464,0.8365561225800082,0.0,False,False,demand,0.0,False
1.0,0.1,0.3,0.4,82.63006292155696,0.5645751633986928,0.8329761627446718,0.0,False,False,demand,0.0,False
1.0,0.1,0.3,0.45,84.76084285517182,0.5653594771241831,0.8329246391833358,0.0,False,False,demand,0.0,False
1.0,0.1,0.3,0.5,87.96503232662866,0.5566666666666668,0.8342001627447919,0.0,False,False,demand,0.0,False
1.0,0.1,0.3,0.55,91.62184254980544,0.5433333333333333,0.8362258795351939,0.0,False,False,demand,0.0,False
1.0,0.1,0.3,0.6,93.01698082296888,0.54,0.8367270526432665,0.0,False,False,demand,0.0,False
1.0,0.1,0.3,0.65,96.35867982028621,0.5264705882352941,0.8388721291339225,0.0,False,False,demand,0.0,False
1.0,0.1,0.4,0.35,84.28519225157136,0.5339215686274511,0.837683580355803,0.0,False,False,demand,0.0,False
1.0,0.1,0.4,0.4,82.84045548494719,0.5641830065359477,0.8331464612778108,0.0,False,False,demand,0.0,False
1.0,0.1,0.4,0.45,84.18526880838631,0.5731372549019609,0.8317517203176178,0.0,False,False,demand,0.0,False
1.0,0.1,0.4,0.5,85.70012709984877,0.5745098039215687,0.8315492096101043,0.0,False,False,demand,0.0,False
1.0,0.1,0.4,0.55,88.90602022230091,0.5676470588235295,0.8326425162659579,0.0,False,False,demand,0.0,False
1.0,0.1,0.4,0.6,90.78098440926412,0.563202614379085,0.8331910931086224,0.0,False,False,demand,0.0,False
1.0,0.1,0.4,0.65,93.13872492034079,0.558169934640523,0.8339747277964694,0.0,False,False,demand,0.0,False
1.0,0.1,0.5,0.35,84.97664234837153,0.524640522875817,0.8391922187227515,0.0,False,False,demand,0.0,False
1.0,0.1,0.5,0.4,82.50643909824991,0.5622222222222223,0.8334580027164525,0.0,False,False,demand,0.0,False
1.0,0.1,0.5,0.45,82.88932520904221,0.581764705882353,0.8305283269671935,0.0,False,False,demand,0.0,False
1.0,0.1,0.5,0.5,84.68415905177028,0.5854248366013073,0.8300247192570346,0.0,False,False,demand,0.0,False
1.0,0.1,0.5,0.55,84.07570905993481,0.5961437908496733,0.8285610544169512,0.0,False,False,demand,0.0,False
1.0,0.1,0.5,0.6,89.75220530095409,0.5776470588235295,0.8310867589596592,0.0,False,False,demand,0.0,False
1.0,0.1,0.5,0.65,90.16460881663886,0.583202614379085,0.8303015563209369,0.0,False,False,demand,0.0,False
1.0,0.1,0.6,0.35,85.06568281212327,0.5201960784313725,0.8401208769828917,0.0,False,False,demand,0.0,False
1.0,0.1,0.6,0.4,81.69645393289558,0.5682352941176471,0.8325138708250881,0.0,False,False,demand,0.0,False
1.0,0.1,0.6,0.45,81.1235605105026,0.5888235294117647,0.8295719851594332,0.0,False,False,demand,0.0,False
1.0,0.1,0.6,0.5,81.27794905202757,0.6019607843137255,0.8276931448273127,0.0,False,False,demand,0.0,False
1.0,0.1,0.6,0.55,84.84247507656214,0.5976470588235294,0.828297177656248,0.0,False,False,demand,0.0,False
1.0,0.1,0.6,0.6,85.86472907455614,0.6045751633986928,0.827377862419684,0.0,False,False,demand,0.0,False
1.0,0.1,0.6,0.65,89.1313369205983,0.5988888888888889,0.8281332589869844,0.0,False,False,demand,0.0,False
1.0,0.1,0.7,0.35,85.52864802373081,0.5041830065359477,0.8425050572802223,0.0,False,False,demand,0.0,False
1.0,0.1,0.7,0.4,82.38796237237396,0.5592156862745098,0.8338480575550519,0.0,False,False,demand,0.0,False
1.0,0.1,0.7,0.45,79.67397766802627,0.5955555555555555,0.8286070351769353,0.0,False,False,demand,0.0,False
1.0,0.1,0.7,0.5,81.56386191036133,0.6002614379084967,0.8279634793134466,0.0,False,False,demand,0.0,False
1.0,0.1,0.7,0.55,84.45181617078231,0.5977777777777779,0.8282471492034844,0.0,False,False,demand,0.0,False
1.0,0.1,0.7,0.6,83.43704508191841,0.6166013071895424,0.8257631540038983,0.0,False,False,demand,0.0,False
1.0,0.1,0.7,0.65,85.72539400562874,0.6201307189542483,0.8254308112498759,0.0,False,False,demand,0.0,False
1.0,0.1,0.8,0.35,84.84593327419525,0.5075816993464052,0.8421016868106862,0.0,False,False,demand,0.0,False
1.0,0.1,0.8,0.4,82.65244847362962,0.549607843137255,0.8352750336898601,0.0,False,False,demand,0.0,False
1.0,0.1,0.8,0.45,80.91490654598363,0.5851633986928105,0.8300346082421691,0.0,False,False,demand,0.0,False
1.0,0.1,0.8,0.5,80.39891783985225,0.6043790849673202,0.8273724983396488,0.0,False,False,demand,0.0,False
1.0,0.1,0.8,0.55,80.12598010084976,0.6242483660130719,0.8247685786562672,0.0,False,False,demand,0.0,False
1.0,0.1,0.8,0.6,82.56584676807462,0.6253594771241829,0.8245004696354937,0.0,False,False,demand,0.0,False
1.0,0.1,0.8,0.65,82.41604435391571,0.6380392156862745,0.8229275805560669,0.0,False,False,demand,0.0,False
1.0,0.1,0.9,0.35,88.08484242203276,0.4731372549019608,0.8478514073031894,0.0,False,False,demand,0.0,False
1.0,0.1,0.9,0.4,84.3181494117456,0.534248366013072,0.8378159985241812,0.0,False,False,demand,0.0,False
1.0,0.1,0.9,0.45,80.65405031489063,0.578562091503268,0.8309803482493877,0.0,False,False,demand,0.0,False
1.0,0.1,0.9,0.5,80.12631244728222,0.6033333333333334,0.8275564255102824,0.0,False,False,demand,0.0,False
1.0,0.1,0.9,0.55,80.06908148314496,0.6245751633986928,0.8248580118847842,0.0,False,False,demand,0.0,False
1.0,0.1,0.9,0.6,80.02078916684958,0.6396732026143791,0.8227525434036487,0.0,False,False,demand,0.0,False
1.0,0.1,0.9,0.65,81.77199156811527,0.6426797385620914,0.8223304317729352,0.0,False,False,demand,0.0,False
1.0,0.1,1.0,0.35,90.68211551331693,0.44993464052287574,0.8522229548182216,0.0,False,False,demand,0.0,False
1.0,0.1,1.0,0.4,83.96789301745112,0.5254248366013072,0.8389881058249129,0.0,False,False,demand,0.0,False
1.0,0.1,1.0,0.45,82.26756009006026,0.5671895424836602,0.8327432955548901,0.0,False,False,demand,0.0,False
1.0,0.1,1.0,0.5,81.14952160252564,0.591045751633987,0.8292613997592602,0.0,False,False,demand,0.0,False
1.0,0.1,1.0,0.55,78.7002547548748,0.6224183006535947,0.8249408867059769,0.0,False,False,demand,0.0,False
1.0,0.1,1.0,0.6,81.6641878852855,0.6294771241830065,0.8241434978365968,0.0,False,False,demand,0.0,False
1.0,0.1,1.0,0.65,80.72698763615243,0.6480392156862744,0.8216509790195876,0.0,False,False,demand,0.0,False
1.0,0.1,1.25,0.35,98.06886161703619,0.3663398692810457,0.8701830070621474,0.0,False,False,demand,0.0,False
1.0,0.1,1.25,0.4,87.62652914103626,0.47699346405228754,0.8472332206416895,0.0,False,False,demand,0.0,False
1.0,0.1,1.25,0.45,81.93958170861187,0.5507843137254903,0.8350719401004151,0.0,False,False,demand,0.0,False
1.0,0.1,1.25,0.5,80.96215362850585,0.5789542483660131,0.8308646863828456,0.0,False,False,demand,0.0,False
1.0,0.1,1.25,0.55,78.93984088387573,0.6081045751633987,0.8268237658575943,0.0,False,False,demand,0.0,False
1.0,0.1,1.25,0.6,78.72864335028747,0.6362091503267974,0.8232586435601439,0.0,False,False,demand,0.0,False
1.0,0.1,1.25,0.65,79.81008642274355,0.6465359477124183,0.8218212009216307,0.0,False,False,demand,0.0,False
1.0,0.1,1.5,0.35,4.951933511244761e-06,1.0,0.7867155323539139,0.0,True,False,collapsed,1.0,False
1.0,0.1,1.5,0.4,90.84487613283663,0.4306535947712418,0.8559821283614685,0.0,False,False,demand,0.0,False
1.0,0.1,1.5,0.45,86.74908538914737,0.48960784313725486,0.8451135680739884,0.0,False,False,demand,0.0,False
1.0,0.1,1.5,0.5,83.02912189551074,0.5458169934640523,0.8358518340944915,0.0,False,False,demand,0.0,False
1.0,0.1,1.5,0.55,80.18215959323756,0.592483660130719,0.8290027441197272,0.0,False,False,demand,0.0,False
1.0,0.1,1.5,0.6,79.49381571630144,0.6173202614379085,0.8255786315994063,0.0,False,False,demand,0.0,False
1.0,0.1,1.5,0.65,78.34941591120422,0.6451633986928105,0.8219926859793216,0.0,False,False,demand,0.0,False
1.0,0.15,0.05,0.35,82.40111194134228,0.5462745098039216,0.805393294269814,0.0,False,False,demand,0.0,False
1.0,0.15,0.05,0.4,83.89123848551098,0.5390196078431373,0.806985627753483,0.0,False,False,demand,0.0,False
1.0,0.15,0.05,0.45,85.038016796219,0.5328758169934642,0.808380265712124,0.0,False,False,demand,0.0,False
1.0,0.15,0.05,0.5,93.46550241577722,0.48666666666666675,0.8198559528664355,0.0,False,False,demand,0.0,False
1.0,0.15,0.05,0.55,100.14334408774094,0.44999999999999996,0.829201138971133,0.0,False,False,demand,0.0,False
1.0,0.15,0.05,0.6,107.42693730737487,0.4100000000000001,0.8411750648468198,0.0,False,False,demand,0.0,False
1.0,0.15,0.05,0.65,114.71025892183894,0.36999999999999994,0.8539470122224176,0.0,False,False,demand,0.0,False
1.0,0.15,0.3,0.35,80.37662034458951,0.5655555555555556,0.8012044492133739,0.0,False,False,demand,0.0,False
1.0,0.15,0.3,0.4,82.13831677192523,0.5712418300653596,0.7999850023879121,0.0,False,False,demand,0.0,False
1.0,0.15,0.3,0.45,82.87584479708683,0.5759477124183007,0.7989977505360567,0.0,False,False,demand,0.0,False
1.0,0.15,0.3,0.5,84.31652495544448,0.5762091503267974,0.7989972867657197,0.0,False,False,demand,0.0,False
1.0,0.15,0.3,0.55,89.24004445509502,0.5564705882352942,0.8031709662825827,0.0,False,False,demand,0.0,False
1.0,0.15,0.3,0.6,91.49297061095372,0.5486274509803922,0.8048452519916186,0.0,False,False,demand,0.0,False
1.0,0.15,0.3,0.65,92.96389021878353,0.5437908496732027,0.8059281033794296,0.0,False,False,demand,0.0,False
1.0,0.15,0.4,0.35,80.2236434361386,0.5614379084967321,0.8023449718806229,0.0,False,False,demand,0.0,False
1.0,0.15,0.4,0.4,80.91925661924306,0.5779738562091504,0.7986373437534837,0.0,False,False,demand,0.0,False
1.0,0.15,0.4,0.45,81.20106786181275,0.5905882352941177,0.7960706254546382,0.0,False,False,demand,0.0,False
1.0,0.15,0.4,0.5,83.852005782106,0.5865359477124185,0.7968857801465189,0.0,False,False,demand,0.0,False
1.0,0.15,0.4,0.55,83.33262126631516,0.5959477124183007,0.7949261544305813,0.0,False,False,demand,0.0,False
1.0,0.15,0.4,0.6,89.78902472694413,0.5707843137254903,0.8000869102186746,0.0,False,False,demand,0.0,False
1.0,0.15,0.4,0.65,93.09721585012987,0.56,0.8023892333099063,0.0,False,False,demand,0.0,False
1.0,0.15,0.5,0.35,80.54449449368461,0.5581699346405228,0.8029665402690589,0.0,False,False,demand,0.0,False
1.0,0.15,0.5,0.4,80.33789704002909,0.5756862745098039,0.7991258622850937,0.0,False,False,demand,0.0,False
1.0,0.15,0.5,0.45,77.64256686066983,0.6084967320261437,0.7925845691701244,0.0,False,False,demand,0.0,False
1.0,0.15,0.5,0.5,80.26015839503867,0.6069281045751634,0.7927956695784433,0.0,False,False,demand,0.0,False
1.0,0.15,0.5,0.55,81.78372737951855,0.6070588235294118,0.7926897891085667,0.0,False,False,demand,0.0,False
1.0,0.15,0.5,0.6,85.42218671697232,0.6006535947712418,0.7939778058834758,0.0,False,False,demand,0.0,False
1.0,0.15,0.5,0.65,91.09513789058927,0.5824836601307192,0.7977013401032438,0.0,False,False,demand,0.0,False
1.0,0.15,0.6,0.35,82.58978724483067,0.5378431372549021,0.8072889072918034,0.0,False,False,demand,0.0,False
1.0,0.15,0.6,0.4,79.03650179099297,0.5811764705882353,0.7979480573552967,0.0,False,False,demand,0.0,False
1.0,0.15,0.6,0.45,78.54880655786553,0.601045751633987,0.7940153735031732,0.0,False,False,demand,0.0,False
1.0,0.15,0.6,0.5,79.15001583941786,0.614313725490196,0.7914288840455339,0.0,False,False,demand,0.0,False
1.0,0.15,0.6,0.55,80.35624443901617,0.6196732026143791,0.7903438310905777,0.0,False,False,demand,0.0,False
1.0,0.15,0.6,0.6,79.55942766532895,0.6344444444444445,0.7876106382434486,0.0,False,False,demand,0.0,False
1.0,0.15,0.6,0.65,85.89874045273893,0.6132026143790849,0.7916341014311246,0.0,False,False,demand,0.0,False
1.0,0.15,0.7,0.35,82.6370768980862,0.5292156862745099,0.8093944290965361,0.0,False,False,demand,0.0,False
1.0,0.15,0.7,0.4,80.31300859518548,0.5733986928104576,0.7995440363748824,0.0,False,False,demand,0.0,False
1.0,0.15,0.7,0.45,80.19759869668091,0.5944444444444444,0.7954022005071532,0.0,False,False,demand,0.0,False
1.0,0.15,0.7,0.5,79.71315897954979,0.6113071895424836,0.7920445806776746,0.0,False,False,demand,0.0,False
1.0,0.15,0.7,0.55,78.80779113504273,0.6311764705882352,0.7883367357418064,0.0,False,False,demand,0.0,False
1.0,0.15,0.7,0.6,80.03518625516614,0.6337254901960785,0.7876199520245674,0.0,False,False,demand,0.0,False
1.0,0.15,0.7,0.65,79.27872578779885,0.6471895424836601,0.7851794205561982,0.0,False,False,demand,0.0,False
1.0,0.15,0.8,0.35,83.24078210110707,0.5152287581699347,0.8125155194149655,0.0,False,False,demand,0.0,False
1.0,0.15,0.8,0.4,80.83102341175186,0.5642483660130719,0.8014928043792177,0.0,False,False,demand,0.0,False
1.0,0.15,0.8,0.45,79.54146845538015,0.5946405228758169,0.7951268716443717,0.0,False,False,demand,0.0,False
1.0,0.15,0.8,0.5,75.4823273021414,0.6298692810457517,0.7883517642482932,0.0,False,False,demand,0.0,False
1.0,0.15,0.8,0.55,77.35816725225293,0.6370588235294118,0.7871657446199302,0.0,False,False,demand,0.0,False
1.0,0.15,0.8,0.6,78.44165985162168,0.6445098039215685,0.7856124775017093,0.0,False,False,demand,0.0,False
1.0,0.15,0.8,0.65,79.5905472636695,0.6516993464052288,0.7843111674812245,0.0,False,False,demand,0.0,False
1.0,0.15,0.9,0.35,83.41384414080106,0.5087581699346405,0.8141315116463247,0.0,False,False,demand,0.0,False
1.0,0.15,0.9,0.4,80.21145651384633,0.5580392156862746,0.8027632911557685,0.0,False,False,demand,0.0,False
1.0,0.15,0.9,0.45,77.20830325809864,0.5998692810457517,0.7944113138388431,0.0,False,False,demand,0.0,False
1.0,0.15,0.9,0.5,77.37785195126392,0.6162091503267974,0.791015150462878,0.0,False,False,demand,0.0,False
1.0,0.15,0.9,0.55,74.17312396891695,0.6513071895424837,0.7845516768384285,0.0,False,False,demand,0.0,False
1.0,0.15,0.9,0.6,79.34039319247522,0.6428758169934641,0.7859949284330994,0.0,False,False,demand,0.0,False
1.0,0.15,0.9,0.65,80.36687738524853,0.6506535947712418,0.784497507696727,0.0,False,False,demand,0.0,False
1.0,0.15,1.0,0.35,84.83728024854598,0.4895424836601307,0.818952738165609,0.0,False,False,demand,0.0,False
1.0,0.15,1.0,0.4,81.82069099263794,0.5388235294117646,0.8071949711313781,0.0,False,False,demand,0.0,False
1.0,0.15,1.0,0.45,79.74766639222925,0.5827450980392156,0.797626189013971,0.0,False,False,demand,0.0,False
1.0,0.15,1.0,0.5,76.77651082693136,0.617124183006536,0.7909197050378434,0.0,False,False,demand,0.0,False
1.0,0.15,1.0,0.55,77.09904854008697,0.6329411764705882,0.788028280817791,0.0,False,False,demand,0.0,False
1.0,0.15,1.0,0.6,76.89149531089468,0.6509803921568625,0.7844707225186527,0.0,False,False,demand,0.0,False
1.0,0.15,1.0,0.65,78.85720203548438,0.6588888888888889,0.7830298984845537,0.0,False,False,demand,0.0,False
1.0,0.15,1.25,0.35,92.03741299083735,0.41267973856209156,0.8404168072238627,0.0,False,False,demand,0.0,False
1.0,0.15,1.25,0.4,83.61557683672595,0.5029411764705883,0.8156015683157958,0.0,False,False,demand,0.0,False
1.0,0.15,1.25,0.45,78.99441026063482,0.5641830065359478,0.8015378033708148,0.0,False,False,demand,0.0,False
1.0,0.15,1.25,0.5,79.96310401909827,0.5904575163398693,0.7962095459848201,0.0,False,False,demand,0.0,False
1.0,0.15,1.25,0.55,76.52309435536364,0.6242483660130719,0.789399671886806,0.0,False,False,demand,0.0,False
1.0,0.15,1.25,0.6,76.55789112019139,0.6458169934640523,0.7856277052065522,0.0,False,False,demand,0.0,False
1.0,0.15,1.25,0.65,78.63105284512164,0.6564052287581698,0.7835255527505609,0.0,False,False,demand,0.0,False
1.0,0.15,1.5,0.35,33.442169200614394,0.6552287581699344,0.7838511859371001,0.0,False,False,profitmax,0.0,False
1.0,0.15,1.5,0.4,87.60407480111792,0.45006535947712417,0.8292654928502371,0.0,False,False,demand,0.0,False
1.0,0.15,1.5,0.45,82.28164723899386,0.5194771241830066,0.8115125600959012,0.0,False,False,demand,0.0,False
1.0,0.15,1.5,0.5,79.43072329463166,0.5652941176470588,0.8012580368103107,0.0,False,False,demand,0.0,False
1.0,0.15,1.5,0.55,78.3857096647926,0.5988888888888889,0.7945638016169297,0.0,False,False,demand,0.0,False
1.0,0.15,1.5,0.6,76.66685406174132,0.6268627450980392,0.789138341491651,0.0,False,False,demand,0.0,False
1.0,0.15,1.5,0.65,76.67099767848946,0.6448366013071894,0.785698709817049,0.0,False,False,demand,0.0,False
2.0,0.0,0.05,0.35,0.0,1.0,0.9,0.0,True,False,collapsed,1.0,False
2.0,0.0,0.05,0.4,87.41626836593605,0.5133333333333333,0.9,0.0,False,False,capital,0.0,False
2.0,0.0,0.05,0.45,140.1725904331262,0.23,0.9,0.0,False,False,demand,0.0,False
2.0,0.0,0.05,0.5,148.69177582050494,0.18333333333333332,0.9,0.0,False,False,demand,0.0,False
2.0,0.0,0.05,0.55,154.1589438138883,0.15333333333333335,0.9,0.0,False,False,demand,0.0,False
2.0,0.0,0.05,0.6,167.82142521608714,0.07830065359477124,0.9,0.0,False,False,demand,0.0,False
2.0,0.0,0.05,0.65,177.22426061163034,0.026666666666666686,0.9,0.0,False,False,demand,0.0,False
2.0,0.0,0.3,0.35,125.40052249054338,0.2966666666666667,0.9,0.0,False,False,demand,0.0,False
2.0,0.0,0.3,0.4,129.08087155982008,0.31712418300653594,0.9,0.0,False,False,demand,0.0,False
2.0,0.0,0.3,0.45,130.43068525606546,0.32588235294117635,0.9,0.0,False,False,demand,0.0,False
2.0,0.0,0.3,0.5,133.6642142478276,0.3227450980392157,0.9,0.0,False,False,demand,0.0,False
2.0,0.0,0.3,0.55,139.71214030739327,0.30091503267973857,0.9,0.0,False,False,demand,0.0,False
2.0,0.0,0.3,0.6,149.60517604360828,0.26,0.9,0.0,False,False,demand,0.0,False
2.0,0.0,0.3,0.65,153.94240547730354,0.24333333333333332,0.9,0.0,False,False,demand,0.0,False
2.0,0.0,0.4,0.35,131.19971904209396,0.27019607843137255,0.9,0.0,False,False,demand,0.0,False
2.0,0.0,0.4,0.4,129.99601638642062,0.31078431372549026,0.9,0.0,False,False,demand,0.0,False
2.0,0.0,0.4,0.45,129.22082160383937,0.3393464052287581,0.9,0.0,False,False,demand,0.0,False
2.0,0.0,0.4,0.5,132.0749502275728,0.3419607843137255,0.9,0.0,False,False,demand,0.0,False
2.0,0.0,0.4,0.55,135.35018196049998,0.33816993464052286,0.9,0.0,False,False,demand,0.0,False
2.0,0.0,0.4,0.6,137.27529147345209,0.3383006535947712,0.9,0.0,False,False,demand,0.0,False
2.0,0.0,0.4,0.65,148.9672368093463,0.2922875816993465,0.9,0.0,False,False,demand,0.0,False
2.0,0.0,0.5,0.35,132.3111383778452,0.2541830065359478,0.9,0.0,False,False,demand,0.0,False
2.0,0.0,0.5,0.4,128.36143871607587,0.318235294117647,0.9,0.0,False,False,demand,0.0,False
2.0,0.0,0.5,0.45,130.527799748886,0.33705882352941163,0.9,0.0,False,False,demand,0.0,False
2.0,0.0,0.5,0.5,133.5932161291432,0.3441176470588235,0.9,0.0,False,False,demand,0.0,False
2.0,0.0,0.5,0.55,134.9717593222072,0.3533333333333333,0.9,0.0,False,False,demand,0.0,False
2.0,0.0,0.5,0.6,140.27642398532194,0.34137254901960784,0.9,0.0,False,False,demand,0.0,False
2.0,0.0,0.5,0.65,143.17696867446213,0.33823529411764697,0.9,0.0,False,False,demand,0.0,False
2.0,0.0,0.6,0.35,134.2902687309832,0.2341830065359477,0.9,0.0,False,False,demand,0.0,False
2.0,0.0,0.6,0.4,128.91795387024013,0.30934640522875817,0.9,0.0,False,False,demand,0.0,False
2.0,0.0,0.6,0.45,129.5865092887157,0.3421568627450981,0.9,0.0,False,False,demand,0.0,False
2.0,0.0,0.6,0.5,131.4786390396442,0.35823529411764704,0.9,0.0,False,False,demand,0.0,False
2.0,0.0,0.6,0.55,134.51676455818554,0.36261437908496735,0.9,0.0,False,False,demand,0.0,False
2.0,0.0,0.6,0.6,135.43253685325547,0.37738562091503275,0.9,0.0,False,False,demand,0.0,False
2.0,0.0,0.6,0.65,143.1581625215304,0.35601307189542486,0.9,0.0,False,False,demand,0.0,False
2.0,0.0,0.7,0.35,134.76434373509238,0.21633986928104576,0.9,0.0,False,False,demand,0.0,False
2.0,0.0,0.7,0.4,131.36012847126912,0.2886928104575163,0.9,0.0,False,False,demand,0.0,False
2.0,0.0,0.7,0.45,129.31708930329805,0.34084967320261433,0.9,0.0,False,False,demand,0.0,False
2.0,0.0,0.7,0.5,131.01290070470887,0.3616993464052289,0.9,0.0,False,False,demand,0.0,False
2.0,0.0,0.7,0.55,131.1557905663642,0.38143790849673204,0.9,0.0,False,False,demand,0.0,False
2.0,0.0,0.7,0.6,130.42189010915047,0.40718954248366024,0.9,0.0,False,False,demand,0.0,False
2.0,0.0,0.7,0.65,137.69383611534536,0.3879738562091504,0.9,0.0,False,False,demand,0.0,False
2.0,0.0,0.8,0.35,135.95214030838437,0.20006535947712412,0.9,0.0,False,False,demand,0.0,False
2.0,0.0,0.8,0.4,131.17831400423856,0.28,0.9,0.0,False,False,demand,0.0,False
2.0,0.0,0.8,0.45,128.39824317297118,0.3388235294117646,0.9,0.0,False,False,demand,0.0,False
2.0,0.0,0.8,0.5,127.23979559665717,0.3795424836601307,0.9,0.0,False,False,demand,0.0,False
2.0,0.0,0.8,0.55,126.45652726686501,0.4076470588235295,0.9,0.0,False,False,demand,0.0,False
2.0,0.0,0.8,0.6,130.40171036094603,0.40653594771241836,0.9,0.0,False,False,demand,0.0,False
2.0,0.0,0.8,0.65,133.6334140749667,0.4113725490196079,0.9,0.0,False,False,demand,0.0,False
2.0,0.0,0.9,0.35,136.7226260134233,0.18326797385620916,0.9,0.0,False,False,demand,0.0,False
2.0,0.0,0.9,0.4,130.76056394735767,0.2784313725490196,0.9,0.0,False,False,demand,0.0,False
2.0,0.0,0.9,0.45,128.24965405508564,0.3337254901960784,0.9,0.0,False,False,demand,0.0,False
2.0,0.0,0.9,0.5,129.39289933425633,0.36535947712418304,0.9,0.0,False,False,demand,0.0,False
2.0,0.0,0.9,0.55,125.35046898343579,0.41281045751634,0.9,0.0,False,False,demand,0.0,False
2.0,0.0,0.9,0.6,127.67586616659365,0.424248366013072,0.9,0.0,False,False,demand,0.0,False
2.0,0.0,0.9,0.65,130.88716066299915,0.43202614379084975,0.9,0.0,False,False,demand,0.0,False
2.0,0.0,1.0,0.35,137.13339193085218,0.16882352941176473,0.9,0.0,False,False,demand,0.0,False
2.0,0.0,1.0,0.4,131.80562014536028,0.2602614379084967,0.9,0.0,False,False,demand,0.0,False
2.0,0.0,1.0,0.45,127.31223213310021,0.3294771241830064,0.9,0.0,False,False,demand,0.0,False
2.0,0.0,1.0,0.5,128.0175548395847,0.36797385620915035,0.9,0.0,False,False,demand,0.0,False
2.0,0.0,1.0,0.55,126.48605922037864,0.40392156862745104,0.9,0.0,False,False,demand,0.0,False
2.0,0.0,1.0,0.6,126.39408343185865,0.4290849673202615,0.9,0.0,False,False,demand,0.0,False
2.0,0.0,1.0,0.65,129.9759922354932,0.4397385620915033,0.9,0.0,False,False,demand,0.0,False
2.0,0.0,1.25,0.35,142.6951171668807,0.08856209150326795,0.9,0.0,False,False,demand,0.0,False
2.0,0.0,1.25,0.4,134.86642769718694,0.20810457516339867,0.9,0.0,False,False,demand,0.0,False
2.0,0.0,1.25,0.45,130.1855883869945,0.28758169934640526,0.9,0.0,False,False,demand,0.0,False
2.0,0.0,1.25,0.5,129.1074657224238,0.3435294117647058,0.9,0.0,False,False,demand,0.0,False
2.0,0.0,1.25,0.55,127.91660338006358,0.3784967320261437,0.9,0.0,False,False,demand,0.0,False
2.0,0.0,1.25,0.6,124.77307662852917,0.43189542483660137,0.9,0.0,False,False,demand,0.0,False
2.0,0.0,1.25,0.65,128.71437435035662,0.45065359477124184,0.9,0.0,False,False,demand,0.0,False
2.0,0.0,1.5,0.35,148.59829383218394,0.0021568627450980413,0.9,0.0,False,False,demand,0.0,False
2.0,0.0,1.5,0.4,139.21203046069226,0.14169934640522874,0.9,0.0,False,False,demand,0.0,False
2.0,0.0,1.5,0.45,134.81848849590222,0.23111111111111113,0.9,0.0,False,False,demand,0.0,False
2.0,0.0,1.5,0.5,127.9796676180299,0.31359477124183005,0.9,0.0,False,False,demand,0.0,False
2.0,0.0,1.5,0.55,127.13249543299229,0.3674509803921568,0.9,0.0,False,False,demand,0.0,False
2.0,0.0,1.5,0.6,123.56749152399756,0.4179084967320262,0.9,0.0,False,False,demand,0.0,False
2.0,0.0,1.5,0.65,126.65299889788339,0.44816993464052285,0.9,0.0,False,False,demand,0.0,False
2.0,0.05,0.05,0.35,0.0,1.0,0.8414534919521827,0.0,True,False,collapsed,1.0,False
2.0,0.05,0.05,0.4,88.10027311007224,0.5133333333333333,0.8699836702978674,0.0,False,False,capital,0.0,False
2.0,0.05,0.05,0.45,141.38255434004992,0.22333333333333336,0.9070214525225958,0.0,False,False,demand,0.0,False
2.0,0.05,0.05,0.5,150.5101357496927,0.17333333333333334,0.9186374721972651,0.0,False,False,demand,0.0,False
2.0,0.05,0.05,0.55,171.15016968781288,0.06000000000000005,0.9685511353061736,0.0,False,False,demand,0.0,False
2.0,0.05,0.05,0.6,182.06860669552495,0.0,1.0593271838615417,0.0,False,False,demand,0.0,False
2.0,0.05,0.05,0.65,182.07500121612028,0.0,1.0593271838615417,0.0,False,False,demand,0.0,False
2.0,0.05,0.3,0.35,132.22910196019254,0.26496732026143793,0.8995091091589152,0.0,False,False,demand,0.0,False
2.0,0.05,0.3,0.4,128.985990836598,0.3198039215686274,0.8908169586107123,0.0,False,False,demand,0.0,False
2.0,0.05,0.3,0.45,130.20152512955198,0.32941176470588224,0.8894983952542046,0.0,False,False,demand,0.0,False
2.0,0.05,0.3,0.5,134.0400363269671,0.3218954248366013,0.8905311347815302,0.0,False,False,demand,0.0,False
2.0,0.05,0.3,0.55,139.19944301092502,0.30457516339869284,0.8930308619881568,0.0,False,False,demand,0.0,False
2.0,0.05,0.3,0.6,148.28175618970852,0.2661437908496732,0.8991627950629436,0.0,False,False,demand,0.0,False
2.0,0.05,0.3,0.65,154.4047858124121,0.240718954248366,0.9035719491573736,0.0,False,False,demand,0.0,False
2.0,0.05,0.4,0.35,132.77813507440183,0.25248366013071893,0.9017284363713928,0.0,False,False,demand,0.0,False
2.0,0.05,0.4,0.4,127.69007880499284,0.3251633986928104,0.8900604326746713,0.0,False,False,demand,0.0,False
2.0,0.05,0.4,0.45,129.75250985307932,0.3394117647058823,0.8881774579400582,0.0,False,False,demand,0.0,False
2.0,0.05,0.4,0.5,133.20666737642952,0.3386274509803921,0.8882873724107462,0.0,False,False,demand,0.0,False
2.0,0.05,0.4,0.55,136.03199875716246,0.3364705882352941,0.8885875782347402,0.0,False,False,demand,0.0,False
2.0,0.05,0.4,0.6,137.83528257800012,0.3366666666666666,0.88853657929062,0.0,False,False,demand,0.0,False
2.0,0.05,0.4,0.65,143.4171557094477,0.3171241830065359,0.8913102495765012,0.0,False,False,demand,0.0,False
2.0,0.05,0.5,0.35,133.29228310337643,0.24732026143790853,0.9024690795253342,0.0,False,False,demand,0.0,False
2.0,0.05,0.5,0.4,127.94648771134524,0.3222875816993464,0.8904937514118082,0.0,False,False,demand,0.0,False
2.0,0.05,0.5,0.45,128.44226932244308,0.34973856209150317,0.8868434712290494,0.0,False,False,demand,0.0,False
2.0,0.05,0.5,0.5,132.5075847388596,0.35098039215686283,0.8866781566156493,0.0,False,False,demand,0.0,False
2.0,0.05,0.5,0.55,136.83028675481535,0.34679738562091517,0.8872285104417587,0.0,False,False,demand,0.0,False
2.0,0.05,0.5,0.6,140.43706025103418,0.34274509803921566,0.8877268533754158,0.0,False,False,demand,0.0,False
2.0,0.05,0.5,0.65,141.26410746832963,0.34843137254901957,0.8870138078748536,0.0,False,False,demand,0.0,False
2.0,0.05,0.6,0.35,148.79680110216893,0.10359477124183007,0.9583347673866874,0.0,False,False,demand,0.0,False
2.0,0.05,0.6,0.4,126.95339731031198,0.32294117647058823,0.8904541534141449,0.0,False,False,demand,0.0,False
2.0,0.05,0.6,0.45,129.32173897127987,0.34718954248366013,0.8872319252437068,0.0,False,False,demand,0.0,False
2.0,0.05,0.6,0.5,129.11453629099285,0.36764705882352944,0.884616915523701,0.0,False,False,demand,0.0,False
2.0,0.05,0.6,0.55,130.24489163458793,0.3847058823529412,0.8827698769154217,0.0,False,False,demand,0.0,False
2.0,0.05,0.6,0.6,136.86374769386052,0.36993464052287583,0.8843947109281491,0.0,False,False,demand,0.0,False
2.0,0.05,0.6,0.65,138.40032181335548,0.3774509803921569,0.8835827278981863,0.0,False,False,demand,0.0,False
2.0,0.05,0.7,0.35,95.82147589603636,0.39143790849673205,0.915016640004353,0.0,False,False,profitmax,0.3333333333333333,True
2.0,0.05,0.7,0.4,129.12623254246736,0.3043790849673203,0.8932787659102764,0.0,False,False,demand,0.0,False
2.0,0.05,0.7,0.45,126.72697560610413,0.354640522875817,0.8862377321977913,0.0,False,False,demand,0.0,False
2.0,0.05,0.7,0.5,125.19037625564442,0.38967320261437904,0.8821604355258655,0.0,False,False,demand,0.0,False
2.0,0.05,0.7,0.55,125.93842560179172,0.4112418300653595,0.8798212528497525,0.0,False,False,demand,0.0,False
2.0,0.05,0.7,0.6,125.90749166785497,0.42535947712418304,0.8781752538418764,0.0,False,False,demand,0.0,False
2.0,0.05,0.7,0.65,133.16411956519553,0.4060784313725491,0.8802946006656732,0.0,False,False,demand,0.0,False
2.0,0.05,0.8,0.35,0.0,1.0,0.8414534919521827,0.0,True,False,collapsed,1.0,False
2.0,0.05,0.8,0.4,162.05790270669465,0.010000000000000009,1.052015930558843,0.0,False,False,profitmax,0.0,False
2.0,0.05,0.8,0.45,127.65088973288964,0.3469281045751633,0.8871891581312719,0.0,False,False,demand,0.0,False
2.0,0.05,0.8,0.5,126.40998240315675,0.37490196078431376,0.883786726241167,0.0,False,False,demand,0.0,False
2.0,0.05,0.8,0.55,126.52536033103131,0.4095424836601307,0.8799501648888852,0.0,False,False,demand,0.0,False
2.0,0.05,0.8,0.6,127.93678542217378,0.4220261437908497,0.8785813946191167,0.0,False,False,demand,0.0,False
2.0,0.05,0.8,0.65,130.68534672859136,0.427124183006536,0.878046073489751,0.0,False,False,demand,0.0,False
2.0,0.05,0.9,0.35,129.50101942148177,0.11830065359477125,0.9379727478767257,0.0,False,False,profitmax,0.0,False
2.0,0.05,0.9,0.4,161.01191022675653,0.010130718954248375,1.0435254428524834,0.0,False,False,profitmax,0.0,False
2.0,0.05,0.9,0.45,126.56298183114355,0.34843137254901957,0.887153619288021,0.0,False,False,demand,0.0,False
2.0,0.05,0.9,0.5,125.52329289121626,0.37967320261437915,0.8833423660755809,0.0,False,False,demand,0.0,False
2.0,0.05,0.9,0.55,124.62086116197287,0.4151633986928105,0.8793298245104127,0.0,False,False,demand,0.0,False
2.0,0.05,0.9,0.6,127.21742514264493,0.4298039215686275,0.8777570630550772,0.0,False,False,demand,0.0,False
2.0,0.05,0.9,0.65,130.30824479947594,0.4370588235294118,0.8770328432567954,0.0,False,False,demand,0.0,False
2.0,0.05,1.0,0.35,0.0,1.0,0.8414534919521827,0.0,True,False,collapsed,1.0,False
2.0,0.05,1.0,0.4,159.1100142125941,0.010261437908496741,1.0431918192107992,0.0,False,False,profitmax,0.0,False
2.0,0.05,1.0,0.45,126.46229432987728,0.33588235294117635,0.8886234485524428,0.0,False,False,demand,0.0,False
2.0,0.05,1.0,0.5,126.26443733848983,0.37294117647058833,0.8841318930457623,0.0,False,False,demand,0.0,False
2.0,0.05,1.0,0.55,122.59667142846267,0.42326797385620923,0.8784303758855371,0.0,False,False,demand,0.0,False
2.0,0.05,1.0,0.6,126.72176193688529,0.4324836601307189,0.8774678445514942,0.0,False,False,demand,0.0,False
2.0,0.05,1.0,0.65,129.5437618881316,0.4464052287581699,0.8761072250508661,0.0,False,False,demand,0.0,False
2.0,0.05,1.25,0.35,9.51262438886145e-40,1.0,0.8414534919521827,0.0,True,False,collapsed,1.0,False
2.0,0.05,1.25,0.4,152.04036992839443,0.02071895424836603,1.0263357275624567,0.0,False,False,profitmax,0.0,False
2.0,0.05,1.25,0.45,129.17568074758424,0.29156862745098044,0.8949848034085113,0.0,False,False,demand,0.0,False
2.0,0.05,1.25,0.5,125.52794893486832,0.36320261437908496,0.885264902398117,0.0,False,False,demand,0.0,False
2.0,0.05,1.25,0.55,123.48656171725524,0.40424836601307196,0.8805189662180303,0.0,False,False,demand,0.0,False
2.0,0.05,1.25,0.6,123.60355340510768,0.43869281045751635,0.8768771788287667,0.0,False,False,demand,0.0,False
2.0,0.05,1.25,0.65,124.51489647934251,0.46483660130718946,0.8743493780513742,0.0,False,False,demand,0.0,False
2.0,0.05,1.5,0.35,1.9141716307986802e-39,1.0,0.8414534919521827,0.0,True,False,collapsed,1.0,False
2.0,0.05,1.5,0.4,29.662816396428074,0.7528758169934641,0.864541640254226,0.0,False,False,profitmax,0.6666666666666666,True
2.0,0.05,1.5,0.45,134.0482417109108,0.23045751633986925,0.9056540102508447,0.0,False,False,demand,0.0,False
2.0,0.05,1.5,0.5,129.1754346739731,0.3070588235294118,0.8927048922365373,0.0,False,False,demand,0.0,False
2.0,0.05,1.5,0.55,124.14052410638438,0.3773856209150328,0.8835114454767781,0.0,False,False,demand,0.0,False
2.0,0.05,1.5,0.6,122.90248339190263,0.42078431372549013,0.8786794063327846,0.0,False,False,demand,0.0,False
2.0,0.05,1.5,0.65,121.80420262344535,0.4674509803921569,0.8741793680662217,0.0,False,False,demand,0.0,False
2.0,0.1,0.05,0.35,28.92042786097603,0.8366666666666666,0.8049812758095269,0.0,False,False,capital,0.6666666666666666,True
2.0,0.1,0.05,0.4,88.14142654847335,0.514313725490196,0.8407978897022463,0.0,False,False,capital,0.0,False
2.0,0.1,0.05,0.45,141.9854335341645,0.22,0.9162810243574825,0.0,False,False,demand,0.0,False
2.0,0.1,0.05,0.5,166.25606332473535,0.08666666666666667,1.0092037121773647,0.0,False,False,demand,0.0,False
2.0,0.1,0.05,0.55,177.55670837787463,0.016143790849673215,1.1955603655591391,0.0,False,False,capital,0.0,False
2.0,0.1,0.05,0.6,178.18018643144447,0.008431372549019616,1.2352209762627773,0.0,False,False,capital,0.0,False
2.0,0.1,0.05,0.65,181.15873700176587,0.0,1.246860091631139,0.0,False,False,capital,0.0,False
2.0,0.1,0.3,0.35,132.36737557434157,0.2684313725490196,0.900040514548592,0.0,False,False,demand,0.0,False
2.0,0.1,0.3,0.4,126.55844033186872,0.33307189542483656,0.8782168843541515,0.0,False,False,demand,0.0,False
2.0,0.1,0.3,0.45,129.67760863924823,0.3341830065359477,0.8778446310206226,0.0,False,False,demand,0.0,False
2.0,0.1,0.3,0.5,161.19737629222598,0.12908496732026145,1.065471144643735,0.0,False,False,demand,0.0,False
2.0,0.1,0.3,0.55,180.94994608097338,0.010065359477124192,1.2146613273944584,0.0,False,False,profitmax,0.0,False
2.0,0.1,0.3,0.6,185.20418372839148,0.003333333333333336,1.2468600916311388,0.0,False,False,profitmax,0.0,False
2.0,0.1,0.3,0.65,192.36983422025352,0.0,1.246860091631139,0.0,False,False,workforce,0.0,False
2.0,0.1,0.4,0.35,137.1291940801511,0.2188888888888889,0.9209348510020764,0.0,False,False,demand,0.0,False
2.0,0.1,0.4,0.4,125.74886781310299,0.3387581699346405,0.8766777023187503,0.0,False,False,demand,0.0,False
2.0,0.1,0.4,0.45,129.77341317182479,0.3418300653594771,0.8758892158780185,0.0,False,False,demand,0.0,False
2.0,0.1,0.4,0.5,179.0573303701356,0.020392156862745116,1.1646350749075163,0.0,False,False,profitmax,0.0,False
2.0,0.1,0.4,0.55,181.62070894294266,0.010130718954248375,1.2162985526946286,0.0,False,False,profitmax,0.0,False
2.0,0.1,0.4,0.6,189.05076008573766,0.0,1.246860091631139,0.0,False,False,workforce,0.0,False
2.0,0.1,0.4,0.65,196.6452835458591,0.0,1.246860091631139,0.0,False,False,workforce,0.0,False
2.0,0.1,0.5,0.35,138.82943532460285,0.14581699346405227,0.9543077710158941,0.0,False,False,profitmax,0.0,False
2.0,0.1,0.5,0.4,126.1086074282975,0.33588235294117647,0.877512795270864,0.0,False,False,demand,0.0,False
2.0,0.1,0.5,0.45,129.56952013599496,0.34359477124182997,0.8754733647179324,0.0,False,False,demand,0.0,False
2.0,0.1,0.5,0.5,179.55054778190728,0.02143790849673204,1.1636625389373714,0.0,False,False,profitmax,0.0,False
2.0,0.1,0.5,0.55,182.6903721500821,0.010065359477124192,1.218481519761522,0.0,False,False,profitmax,0.0,False
2.0,0.1,0.5,0.6,192.6222311407057,0.0,1.246860091631139,0.0,False,False,workforce,0.0,False
2.0,0.1,0.5,0.65,201.35022323204726,0.0,1.246860091631139,0.0,False,False,workforce,0.0,False
2.0,0.1,0.6,0.35,138.60066402373005,0.13712418300653595,0.9598815340392347,0.0,False,False,profitmax,0.0,False
2.0,0.1,0.6,0.4,140.8506467089263,0.1806535947712418,0.9792193506856784,0.0,False,False,profitmax,0.0,False
2.0,0.1,0.6,0.45,127.24413001176184,0.36013071895424836,0.8713904174068695,0.0,False,False,demand,0.0,False
2.0,0.1,0.6,0.5,180.98534204320103,0.02019607843137257,1.1652512097311314,0.0,False,False,profitmax,0.0,False
2.0,0.1,0.6,0.55,183.31677741865101,0.010130718954248375,1.214115585627735,0.0,False,False,profitmax,0.0,False
2.0,0.1,0.6,0.6,193.77325096375304,0.0,1.246860091631139,0.0,False,False,workforce,0.0,False
2.0,0.1,0.6,0.65,206.29698538045804,0.0,1.246860091631139,0.0,False,False,demand,0.0,False
2.0,0.1,0.7,0.35,132.2309993882988,0.1531372549019608,0.9496088077097301,0.0,False,False,profitmax,0.0,False
2.0,0.1,0.7,0.4,125.9735570998044,0.19150326797385622,0.9755286855288653,0.0,False,False,profitmax,0.0,False
2.0,0.1,0.7,0.45,122.5017859523656,0.27130718954248373,0.9573050352711734,0.0,False,False,profitmax,0.0,False
2.0,0.1,0.7,0.5,115.09051399312729,0.2545751633986928,1.025425789538615,0.0,False,False,profitmax,0.0,False
2.0,0.1,0.7,0.55,184.55335209786222,0.009869281045751643,1.2157528109279052,0.0,False,False,profitmax,0.0,False
2.0,0.1,0.7,0.6,199.85563182075973,0.0,1.246860091631139,0.0,False,False,demand,0.0,False
2.0,0.1,0.7,0.65,156.37052310074344,0.28915032679738567,0.9857752268735501,0.0,False,False,demand,0.0,False
2.0,0.1,0.8,0.35,0.0,1.0,0.7867155323539139,0.0,True,False,collapsed,1.0,False
2.0,0.1,0.8,0.4,115.48190639287769,0.2286274509803922,0.9578810883549859,0.0,False,False,profitmax,0.0,False
2.0,0.1,0.8,0.45,110.9149629126109,0.25562091503267975,0.9834786620176796,0.0,False,False,profitmax,0.0,False
2.0,0.1,0.8,0.5,106.03776416724959,0.2857516339869281,1.0052584372285593,0.0,False,False,profitmax,0.0,False
2.0,0.1,0.8,0.55,158.06027110964007,0.1080392156862745,1.1539277503377086,0.0,False,False,profitmax,0.0,False
2.0,0.1,0.8,0.6,205.28358018924598,0.0,1.246860091631139,0.0,False,False,demand,0.0,False
2.0,0.1,0.8,0.65,128.72731397662534,0.4397385620915033,0.8541314985136985,0.0,False,False,demand,0.0,False
2.0,0.1,0.9,0.35,0.0,1.0,0.7867155323539139,0.0,True,False,collapsed,1.0,False
2.0,0.1,0.9,0.4,114.40746558370422,0.21516339869281045,0.9326531609336991,0.0,False,False,profitmax,0.0,False
2.0,0.1,0.9,0.45,107.96718063543352,0.25516339869281046,0.9640097172429557,0.0,False,False,profitmax,0.0,False
2.0,0.1,0.9,0.5,108.71897120070993,0.3895424836601307,0.9003854093511587,0.0,False,False,demand,0.0,False
2.0,0.1,0.9,0.55,95.43795309838568,0.39673202614379083,0.9527465054708314,0.0,False,False,profitmax,0.0,False
2.0,0.1,0.9,0.6,124.33542003708185,0.44169934640522873,0.8537843559738575,0.0,False,False,demand,0.0,False
2.0,0.1,0.9,0.65,126.46666327836967,0.4537254901960785,0.8514352898914055,0.0,False,False,demand,0.0,False
2.0,0.1,1.0,0.35,0.0,1.0,0.7867155323539139,0.0,True,False,collapsed,1.0,False
2.0,0.1,1.0,0.4,105.36430782771511,0.2441830065359477,0.9232565378927248,0.0,False,False,profitmax,0.0,False
2.0,0.1,1.0,0.45,97.22979199899756,0.4050326797385621,0.8914312662627976,0.0,False,False,demand,0.0,False
2.0,0.1,1.0,0.5,104.15946447849278,0.3370588235294118,0.9229639975453482,0.0,False,False,demand,0.0,False
2.0,0.1,1.0,0.55,92.57660749269586,0.39320261437908494,0.9384491596244565,0.0,False,False,profitmax,0.0,False
2.0,0.1,1.0,0.6,123.69306694075117,0.44810457516339874,0.8525435639443576,0.0,False,False,demand,0.0,False
2.0,0.1,1.0,0.65,126.21041730764381,0.46098039215686276,0.8500788907645348,0.0,False,False,demand,0.0,False
2.0,0.1,1.25,0.35,1.627415881557852e-41,1.0,0.7867155323539139,0.0,True,False,collapsed,1.0,False
2.0,0.1,1.25,0.4,1.5336065938737515e-09,1.0,0.7867155323539139,0.0,True,False,collapsed,1.0,False
2.0,0.1,1.25,0.45,78.86730308176912,0.35751633986928105,0.9134350501049809,0.0,False,False,profitmax,0.0,False
2.0,0.1,1.25,0.5,78.73187077872709,0.3560784313725491,0.9314941232073131,0.0,False,False,profitmax,0.0,False
2.0,0.1,1.25,0.55,78.47675746315916,0.4275816993464052,0.9023887562687278,0.0,False,False,profitmax,0.0,False
2.0,0.1,1.25,0.6,121.0637936158257,0.44816993464052285,0.8525483521314632,0.0,False,False,demand,0.0,False
2.0,0.1,1.25,0.65,122.3908918969155,0.4738562091503267,0.8477172808413967,0.0,False,False,demand,0.0,False
2.0,0.1,1.5,0.35,4.468057149058552e-42,1.0,0.7867155323539139,0.0,True,False,collapsed,1.0,False
2.0,0.1,1.5,0.4,2.0473104032109413e-41,1.0,0.7867155323539139,0.0,True,False,collapsed,1.0,False
2.0,0.1,1.5,0.45,2.667965123686335e-40,1.0,0.7867155323539139,0.0,True,False,collapsed,1.0,False
2.0,0.1,1.5,0.5,7.241155733214252e-37,1.0,0.7867155323539139,0.0,True,False,collapsed,1.0,False
2.0,0.1,1.5,0.55,124.62870436371846,0.3715032679738563,0.8687159047854637,0.0,False,False,demand,0.0,False
2.0,0.1,1.5,0.6,120.14920472068427,0.4351633986928105,0.855086281381029,0.0,False,False,demand,0.0,False
2.0,0.1,1.5,0.65,119.4802860940996,0.4666666666666666,0.8492588523089012,0.0,False,False,demand,0.0,False
2.0,0.15,0.05,0.35,87.03356984176109,0.5166666666666667,0.8121325152227482,0.0,False,False,capital,0.0,False
2.0,0.15,0.05,0.4,101.45751575707816,0.441764705882353,0.8364569797029507,0.0,False,False,demand,0.0,False
2.0,0.15,0.05,0.45,149.2426264074187,0.18000000000000002,0.9528370694704961,0.0,False,False,demand,0.0,False
2.0,0.15,0.05,0.5,171.50794206078817,0.050000000000000024,1.15281556511581,0.0,False,False,capital,0.0,False
2.0,0.15,0.05,0.55,173.1543822767247,0.04137254901960787,1.1889665785802204,0.0,False,False,capital,0.0,False
2.0,0.15,0.05,0.6,173.97315924983948,0.033790849673202644,1.2303511254123753,0.0,False,False,capital,0.0,False
2.0,0.15,0.05,0.65,175.7619228863202,0.030000000000000027,1.2446210563617373,0.0,False,False,capital,0.0,False
2.0,0.15,0.3,0.35,133.39897539124237,0.24934640522875817,0.9121206332024108,0.0,False,False,demand,0.0,False
2.0,0.15,0.3,0.4,136.81109276463624,0.26026143790849676,0.927011826375701,0.0,False,False,demand,0.0,False
2.0,0.15,0.3,0.45,140.28877730555834,0.2539869281045752,0.9447965125532981,0.0,False,False,demand,0.0,False
2.0,0.15,0.3,0.5,166.85754279246353,0.0712418300653595,1.1539782166475765,0.0,False,False,profitmax,0.0,False
2.0,0.15,0.3,0.55,149.73957032206476,0.15065359477124185,1.1463604289535363,0.0,False,False,profitmax,0.0,False
2.0,0.15,0.3,0.6,147.34299329397126,0.16437908496732026,1.1654506298539198,0.0,False,False,profitmax,0.0,False
2.0,0.15,0.3,0.65,165.698627393812,0.09411764705882353,1.2094022501696982,0.0,False,False,profitmax,0.0,False
2.0,0.15,0.4,0.35,136.7292877202447,0.1786928104575163,0.9528912965004112,0.0,False,False,profitmax,0.0,False
2.0,0.15,0.4,0.4,146.3145688314187,0.17882352941176463,0.9846620448846206,0.0,False,False,demand,0.0,False
2.0,0.15,0.4,0.45,165.07380855406743,0.06339869281045753,1.1131440226489253,0.0,False,False,profitmax,0.0,False
2.0,0.15,0.4,0.5,161.25834733176995,0.10588235294117648,1.131904439785968,0.0,False,False,demand,0.0,False
2.0,0.15,0.4,0.55,159.26043837413332,0.12287581699346406,1.1585413416701587,0.0,False,False,demand,0.0,False
2.0,0.15,0.4,0.6,129.30471040970602,0.22627450980392158,1.1235174932547896,0.0,False,False,profitmax,0.0,False
2.0,0.15,0.4,0.65,154.7858515383164,0.14627450980392157,1.1885932499408556,0.0,False,False,profitmax,0.0,False
2.0,0.15,0.5,0.35,134.19670653046032,0.1781045751633987,0.9529904359966054,0.0,False,False,profitmax,0.0,False
2.0,0.15,0.5,0.4,137.10921741384428,0.1733986928104575,1.004462183963905,0.0,False,False,profitmax,0.0,False
2.0,0.15,0.5,0.45,150.45971588883177,0.16960784313725494,1.02513578873478,0.0,False,False,profitmax,0.0,False
2.0,0.15,0.5,0.5,125.3278353257233,0.3834640522875817,0.8496563596774583,0.0,False,False,demand,0.0,False
2.0,0.15,0.5,0.55,128.43830921605206,0.3868627450980393,0.8483454750156647,0.0,False,False,demand,0.0,False
2.0,0.15,0.5,0.6,135.6083908566242,0.20934640522875822,1.1268389231185896,0.0,False,False,profitmax,0.0,False
2.0,0.15,0.5,0.65,121.79538017652214,0.2575163398692811,1.1194306823808606,0.0,False,False,profitmax,0.0,False
2.0,0.15,0.6,0.35,115.5824243587204,0.26320261437908504,0.9111644950490957,0.0,False,False,profitmax,0.0,False
2.0,0.15,0.6,0.4,122.77964077709451,0.224640522875817,0.978916222121421,0.0,False,False,profitmax,0.0,False
2.0,0.15,0.6,0.45,126.96212583011487,0.21496732026143792,1.022935037949271,0.0,False,False,profitmax,0.0,False
2.0,0.15,0.6,0.5,116.73834348258572,0.313202614379085,0.9660019153035163,0.0,False,False,profitmax,0.0,False
2.0,0.15,0.6,0.55,110.44402830380716,0.2842483660130719,1.047640324995563,0.0,False,False,profitmax,0.0,False
2.0,0.15,0.6,0.6,108.32298901133184,0.29254901960784313,1.062665509831415,0.0,False,False,profitmax,0.0,False
2.0,0.15,0.6,0.65,106.04391450087896,0.3028104575163399,1.076051526318495,0.0,False,False,profitmax,0.0,False
2.0,0.15,0.7,0.35,76.0380981052791,0.49790849673202614,0.8507267229887043,0.0,False,False,profitmax,0.3333333333333333,True
2.0,0.15,0.7,0.4,113.32762264374544,0.2529411764705882,0.9462547563412671,0.0,False,False,profitmax,0.0,False
2.0,0.15,0.7,0.45,108.51654974632702,0.27830065359477124,0.9843929197461004,0.0,False,False,profitmax,0.0,False
2.0,0.15,0.7,0.5,104.9788219674698,0.2958823529411765,1.0079274435355525,0.0,False,False,profitmax,0.0,False
2.0,0.15,0.7,0.55,101.63412609962874,0.31176470588235294,1.029523065048269,0.0,False,False,profitmax,0.0,False
2.0,0.15,0.7,0.6,98.37694318992175,0.3273202614379085,1.0511488029646978,0.0,False,False,profitmax,0.0,False
2.0,0.15,0.7,0.65,96.17588330012252,0.3381699346405229,1.0636217715298681,0.0,False,False,profitmax,0.0,False
2.0,0.15,0.8,0.35,36.523022298692005,0.75,0.792877405696706,0.0,False,False,capital,0.6666666666666666,True
2.0,0.15,0.8,0.4,105.73643112053354,0.27725490196078434,0.9292945320984224,0.0,False,False,profitmax,0.0,False
2.0,0.15,0.8,0.45,101.29183420937586,0.29640522875816994,0.9610505543789865,0.0,False,False,profitmax,0.0,False
2.0,0.15,0.8,0.5,95.95373709721497,0.325359477124183,0.9898796084600615,0.0,False,False,profitmax,0.0,False
2.0,0.15,0.8,0.55,94.56579822204083,0.3296078431372549,1.001936414203751,0.0,False,False,profitmax,0.0,False
2.0,0.15,0.8,0.6,92.54446143191915,0.33921568627450976,1.0164264927082804,0.0,False,False,profitmax,0.0,False
2.0,0.15,0.8,0.65,90.74341911394221,0.4273202614379085,0.9574337489595256,0.0,False,False,profitmax,0.0,False
2.0,0.15,0.9,0.35,0.0,1.0,0.7355383687469126,0.0,True,False,collapsed,1.0,False
2.0,0.15,0.9,0.4,97.16751664132289,0.3073856209150327,0.8920835931531438,0.0,False,False,profitmax,0.0,False
2.0,0.15,0.9,0.45,92.38963186364784,0.3291503267973856,0.9422758043766307,0.0,False,False,profitmax,0.0,False
2.0,0.15,0.9,0.5,87.86653538660039,0.3515032679738563,0.9768181576918445,0.0,False,False,profitmax,0.0,False
2.0,0.15,0.9,0.55,88.43393066732396,0.3462091503267974,0.9689706659239316,0.0,False,False,profitmax,0.0,False
2.0,0.15,0.9,0.6,87.07111674128157,0.4334640522875817,0.9312860273841492,0.0,False,False,profitmax,0.0,False
2.0,0.15,0.9,0.65,83.02698718480802,0.3718954248366013,1.0149679582111852,0.0,False,False,profitmax,0.0,False
2.0,0.15,1.0,0.35,0.0,1.0,0.7355383687469126,0.0,True,False,collapsed,1.0,False
2.0,0.15,1.0,0.4,92.40401053393407,0.3156209150326798,0.8787566018184129,0.0,False,False,profitmax,0.0,False
2.0,0.15,1.0,0.45,84.06711573259666,0.3569281045751634,0.9158139018863599,0.0,False,False,profitmax,0.0,False
2.0,0.15,1.0,0.5,79.90922858191874,0.380326797385621,0.9593853150270966,0.0,False,False,profitmax,0.0,False
2.0,0.15,1.0,0.55,79.76106352125319,0.3769281045751634,0.9592370491174648,0.0,False,False,profitmax,0.0,False
2.0,0.15,1.0,0.6,76.37970236948959,0.39091503267973854,0.9878431966945959,0.0,False,False,profitmax,0.0,False
2.0,0.15,1.0,0.65,75.6098279872043,0.3937908496732026,0.9940744812123025,0.0,False,False,profitmax,0.0,False
2.0,0.15,1.25,0.35,2.2371563570421377e-43,1.0,0.7355383687469126,0.0,True,False,collapsed,1.0,False
2.0,0.15,1.25,0.4,9.55170257777317e-43,1.0,0.7355383687469126,0.0,True,False,collapsed,1.0,False
2.0,0.15,1.25,0.45,3.761233134362646e-37,1.0,0.7355383687469126,0.0,True,False,collapsed,1.0,False
2.0,0.15,1.25,0.5,22.168686060093084,0.809281045751634,0.7754746193698674,0.0,False,False,profitmax,0.6666666666666666,True
2.0,0.15,1.25,0.55,66.49915822481464,0.4825490196078432,0.8531983514178053,0.0,False,False,profitmax,0.0,False
2.0,0.15,1.25,0.6,71.2649730540851,0.4612418300653594,0.86925746222235,0.0,False,False,profitmax,0.0,False
2.0,0.15,1.25,0.65,62.00076209628072,0.6295424836601305,0.7884238850006828,0.0,False,False,demand,0.0,False
2.0,0.15,1.5,0.35,9.643877029574833,0.9,0.7472552171342969,0.0,False,False,profitmax,0.0,False
2.0,0.15,1.5,0.4,1.7909201656211692e-41,1.0,0.7355383687469126,0.0,True,False,collapsed,1.0,False
2.0,0.15,1.5,0.45,3.237263893708375,0.9666666666666667,0.7394439848760407,0.0,False,False,profitmax,0.6666666666666666,True
2.0,0.15,1.5,0.5,21.896701277224775,0.7733333333333331,0.7670736712317571,0.0,False,False,profitmax,0.3333333333333333,True
2.0,0.15,1.5,0.55,59.21398875830398,0.47784313725490196,0.8373207195452972,0.0,False,False,profitmax,0.0,False
2.0,0.15,1.5,0.6,55.282514626774514,0.5791503267973855,0.8070334018323901,0.0,False,False,profitmax,0.0,False
2.0,0.15,1.5,0.65,117.80896985214649,0.4757516339869281,0.8224828387352955,0.0,False,False,demand,0.0,False
