sigma,rho,Y,K,Investment,Consumption,Employment,Unemployment_Rate,Wage_Share,Wage_Share_Profitmax,Profit_Share,Income_Gini,Wealth_Gini,Output_Gap,Output_Gap_PM,Potential_Output,Potential_Output_PM,Average_Utilization,Money_Buffer,Cash_Constrained,Bound_Demand,Bound_Profitmax,Bound_Capital,Bound_Workforce,Y_seed_min,Y_seed_max,n_seeds,frac_seeds_collapsed,collapsed,mixed_basin,Y_band_rel,binding,c0
0.05,0.35,58.83201771153534,190.71084977437417,9.535542483145708,49.29647522838963,32.8,0.672,0.3513145430204419,0.5120135414510577,0.3486854569795581,0.4779146067966081,0.9130215776552951,0.3517949979576161,0.3268499445061325,63.606104500417906,61.24904191721406,0.6731500554826347,0.0,0.9,0.14999999999999997,0.11499999999999999,0.7350000000000001,0.0,0.0,92.32463533748826,20,0.3,False,True,1.5692923501310738,capital,1.0
0.05,0.4,89.74605803780018,324.62658402360444,16.22699145392864,73.51906658387156,49.37647058823529,0.5062352941176471,0.49516884241011905,0.5120135414510577,0.504831157589881,0.665678699095511,0.9084123366378408,0.17040843190957342,0.13849116172230153,108.26936640134409,104.25836032443287,0.8615046177785934,0.0,0.9,0.7954901960784314,0.0941176470588235,0.1103921568627451,0.0,83.5515277246705,96.41395306043592,20,0.0,False,False,0.1433202261691302,demand,1.0
0.05,0.45,94.18363947394269,371.824849395863,18.581846605701475,75.60179286824122,51.74313725490195,0.48256862745098034,0.4944486978952152,0.5120135414510577,0.5055513021047849,0.6461048722866163,0.907352430960265,0.2401183819072133,0.21092328053291481,124.0054473182739,119.41750602926939,0.7890380528791632,0.0,0.9,0.99,0.009999999999999998,0.0,0.0,87.26212834254689,98.30113746901314,20,0.0,False,False,0.11720728980239037,demand,1.0
0.05,0.5,99.45502264660524,423.9110656106471,21.19669400986424,78.25832863674101,54.62549019607843,0.45374509803921564,0.49432363502802323,0.5120135414510577,0.5056763649719768,0.6227354046926376,0.9073315143100997,0.2955271697945041,0.2689526870435528,141.27074917284241,136.1438372519678,0.7310515208895934,0.0,0.9,1.0,0.0,0.0,0.0,94.67286042729981,109.24423969725143,20,0.0,False,False,0.14651225128899,demand,1.0
0.05,0.55,104.6941281871688,479.34184713360884,23.967092356680478,80.72703583048832,57.5,0.425,0.494297134946651,0.5120135414510577,0.505702865053349,0.5982542072485402,0.9064625706244313,0.34073906628403666,0.3195156737254116,158.8538213169912,153.94629577726218,0.6804843262745884,0.0,0.9,1.0,0.0,0.0,0.0,98.3206058811053,112.88825307885028,20,0.0,False,False,0.13914483505418201,demand,1.0
0.05,0.6,112.2517498316408,550.8729714441002,27.54364857220505,84.70810125943572,61.65,0.38350000000000006,0.49429074901460857,0.5120135414510577,0.5057092509853914,0.5641504912164808,0.90591938813416,0.3608606571731186,0.3572543362469519,175.58951346365504,174.63289077320968,0.6347323804378792,0.0,0.9,1.0,0.0,0.0,0.0,105.60567627866742,120.17236623987739,20,0.0,False,False,0.1297680435544,demand,1.0
0.05,0.65,119.53529560359519,624.6697067914449,31.233485339572304,88.30181026402286,65.65,0.34349999999999997,0.49428915811630514,0.5120135414510577,0.5057108418836949,0.529817719819806,0.9052703222370114,0.33986945361687104,0.33986945361687104,181.05143007861707,181.05143007861707,0.5961210708748906,0.0,0.9,1.0,0.0,0.0,0.0,109.24768951896769,125.63500777549943,20,0.0,False,False,0.13709187879432383,demand,1.0
0.3,0.35,90.6328810081309,290.859233531755,14.529255983416107,76.10362502471479,50.753921568627455,0.49246078431372553,0.503816010511918,0.5488409715364094,0.49618398948808196,0.6590585448923301,0.9087830519190577,0.28072874428811034,0.1302108975297069,126.0155547453597,104.24183417610027,0.8698142881558832,0.0,0.9,0.9290196078431372,0.07098039215686273,0.0,0.0,88.02083633837769,92.91321439296266,20,0.0,False,False,0.053980167022893814,demand,1.0
0.3,0.4,87.77700427159047,316.61980207332806,15.810538800082302,71.96646547150817,46.85686274509804,0.5314313725490196,0.48034632223599355,0.5488409715364094,0.5196536777640064,0.6878736442619815,0.908733221612691,0.34264540394224197,0.22630689992260522,133.52384969804103,113.47537999566453,0.7738465516536805,0.0,0.9,0.9992156862745099,0.000784313725490196,0.0,0.0,85.95919057857277,92.11560192252935,20,0.0,False,False,0.07013694982011519,demand,1.0
0.3,0.45,89.71754400298252,358.58188078752994,17.957308341616802,71.76023566136573,46.47352941176471,0.535264705882353,0.4661781392073652,0.5488409715364094,0.5338218607926348,0.6911206388315085,0.908508960629467,0.37840845835146675,0.3015923596686058,144.31867927873503,128.50383935562016,0.6984313233213558,0.0,0.9,1.0,0.0,0.0,0.0,86.66507344698526,94.44633985449266,20,0.0,False,False,0.08673071130044227,demand,1.0
0.3,0.5,90.66116402550196,394.877963446599,19.685714062425,70.97544996307697,46.09313725490196,0.5390686274509805,0.4575426307359405,0.5488409715364094,0.5424573692640595,0.6927129441662764,0.9081828663286637,0.4052094658621746,0.3592380866092672,152.40992761448175,141.5295967646302,0.6407320311131716,0.0,0.9,1.0,0.0,0.0,0.0,87.03422240835901,94.7871719353616,20,0.0,False,False,0.08551566274641882,demand,1.0
0.3,0.55,93.55734111477315,438.8767432564132,21.96956592325169,71.58777519152146,46.94607843137255,0.5305392156862745,0.45162488573083837,0.5488409715364094,0.5483751142691616,0.6853978184260575,0.9077989274502205,0.4180298255971757,0.40298695791385075,160.72633577436906,156.7461537303062,0.5952029752976741,0.0,0.9,1.0,0.0,0.0,0.0,89.54683369939028,100.0889324828578,20,0.0,False,False,0.11268061552256828,demand,1.0
0.3,0.6,96.79937414803429,486.71771059768815,24.351326532527192,72.4480476155071,48.09019607843137,0.5190980392156863,0.4471476558820905,0.5488409715364094,0.5528523441179095,0.6756834707329928,0.9073264257539163,0.42488631652720094,0.4242537011416242,168.26003262663585,168.07840936618516,0.5554186213823435,0.0,0.9,1.0,0.0,0.0,0.0,90.36489949820226,102.96042527267386,20,0.0,False,False,0.13011990919703043,demand,1.0
0.3,0.65,102.88583665850089,554.6687775936456,27.778473671744358,75.10736298675653,50.694117647058825,0.49305882352941177,0.44346518158079107,0.5488409715364094,0.5565348184192089,0.6559136057620749,0.9072691311175036,0.4184280837404216,0.4184280837404216,176.8617642244839,176.8617642244839,0.5180083110279334,0.0,0.9,1.0,0.0,0.0,0.0,98.69885258611512,109.85563159565018,20,0.0,False,False,0.10843843401465146,demand,1.0
0.4,0.35,91.25373447434586,287.9420609653574,14.385730185203121,76.86800428914275,51.48823529411764,0.4851176470588235,0.5076174974079888,0.5643032549995192,0.4923825025920112,0.653283404942266,0.9082165456066358,0.30364782676937213,0.1576648287340086,131.04064648393395,108.3587158549258,0.8425219308568304,0.0,0.9,0.9929411764705882,0.007058823529411766,0.0,0.0,89.22256496117708,95.97522665770856,20,0.0,False,False,0.07399874356298097,demand,1.0
0.4,0.4,88.1207093071207,314.2124132489847,15.700975721502369,72.41973358561833,47.08039215686274,0.5291960784313725,0.4806883234199074,0.5643032549995192,0.5193116765800926,0.6867300028235009,0.9083958693815053,0.35977224418475917,0.25446386084907546,137.62772861306829,118.24411201206894,0.7455158029764668,0.0,0.9,1.0,0.0,0.0,0.0,84.82139277449565,91.44070373890513,20,0.0,False,False,0.0751164058534717,demand,1.0
0.4,0.45,88.36586963491294,351.2516758138366,17.534735632092524,70.83113400282043,45.42254901960784,0.5457745098039216,0.4625768970035355,0.5643032549995192,0.5374231029964645,0.6993001122054049,0.9084525391601238,0.3945604137790444,0.331202204467617,145.9374972719259,132.18656955699055,0.6690524120454083,0.0,0.9,1.0,0.0,0.0,0.0,85.09736163992139,92.97286179567325,20,0.0,False,False,0.08912377808637886,demand,1.0
0.4,0.5,89.7539368044988,388.8960000875501,19.495979403117474,70.25795740138133,44.983333333333334,0.5501666666666667,0.4510572053542325,0.5643032549995192,0.5489427946457675,0.702162816908521,0.9084120187922655,0.41477177076218136,0.38636284804912113,153.34141046890883,146.3349736939884,0.6137544695999606,0.0,0.9,1.0,0.0,0.0,0.0,85.4149164144309,93.348641046324,20,0.0,False,False,0.08839416870564981,demand,1.0
0.4,0.55,92.28849538530812,435.1036446835954,21.778395839755085,70.51009954555303,45.30098039215686,0.5469901960784315,0.44175543426177055,0.5643032549995192,0.5582445657382294,0.6994496407007653,0.9079967393738582,0.42772502574793325,0.42627060724529453,161.24523112252217,160.8485379743914,0.5640249724430519,0.0,0.9,1.0,0.0,0.0,0.0,88.7606378165956,96.97813212640092,20,0.0,False,False,0.08904137265969017,demand,1.0
0.4,0.6,95.22942372250603,483.1134537230634,24.184283177562488,71.04514054494355,46.010784313725495,0.5398921568627452,0.43483385027215543,0.5643032549995192,0.5651661497278445,0.6935372541798355,0.9076849336071854,0.43412496717961513,0.43412496717961513,168.2553982749484,168.2553982749484,0.5240695040279747,0.0,0.9,1.0,0.0,0.0,0.0,90.92033272539719,100.09440435281473,20,0.0,False,False,0.09633652361638091,demand,1.0
0.4,0.65,97.69481649093822,528.5867364240936,26.462461046764872,71.23235544417335,46.627450980392155,0.5337254901960785,0.4295635144514393,0.5643032549995192,0.5704364855485606,0.6874637398261334,0.9072953344189447,0.4385534239902761,0.4385534239902761,173.95876764187537,173.95876764187537,0.4914603300454159,0.0,0.9,1.0,0.0,0.0,0.0,91.98379746145585,103.66042058027381,20,0.0,False,False,0.11952141923416207,demand,1.0
0.5,0.35,91.82247991720253,282.9705858446437,14.117541301130023,77.7049386160725,52.42647058823529,0.4757352941176471,0.5136318940397739,0.580201151367446,0.48636810596022606,0.6458436841544885,0.908455293416065,0.31286363024603536,0.18133868056243638,133.62559003223504,112.18748318413898,0.8185755244926511,0.0,0.9,0.9982352941176471,0.0017647058823529412,0.0,0.0,89.08698287626143,95.60005944400605,20,0.0,False,False,0.0709311769146024,demand,1.0
0.5,0.4,88.73137965055454,311.85335527578343,15.591189730173136,73.1401899203814,47.575490196078434,0.5242450980392157,0.4824204609496518,0.580201151367446,0.5175795390503481,0.6837343441097266,0.9085931963532408,0.36673943750815746,0.28208572529583503,140.10566722095842,123.63051919801065,0.7180828969584134,0.0,0.9,1.0,0.0,0.0,0.0,85.24916360762265,91.92976239150723,20,0.0,False,False,0.07529014887624172,demand,1.0
0.5,0.45,87.88070271481361,344.968369050314,17.205379087056713,70.67532362775688,45.08235294117647,0.5491764705882354,0.4615878208200165,0.580201151367446,0.5384121791799835,0.7024763239857994,0.9087454925198826,0.4014822140655462,0.3573176592481014,146.80926386846983,136.76858237272612,0.6428219348139749,0.0,0.9,1.0,0.0,0.0,0.0,83.94367031717661,91.32524841814327,20,0.0,False,False,0.083995437825765,demand,1.0
0.5,0.5,88.72288774663387,382.5477745605153,19.128074143503394,69.59481360313048,44.03235294117647,0.5596764705882353,0.44662425023072305,0.580201151367446,0.5533757497692771,0.7099319178983763,0.9082222796912589,0.4224657164850386,0.41319631506526777,153.61006782078806,151.2279931962852,0.5853158124410178,0.0,0.9,1.0,0.0,0.0,0.0,85.83506131068951,92.24878778061296,20,0.0,False,False,0.07228942421530662,demand,1.0
0.5,0.55,90.63664360789303,427.39577638260505,21.322596671024154,69.31404693686888,43.75,0.5625000000000001,0.4343958813387041,0.580201151367446,0.5656041186612959,0.7119425822171717,0.9080956740821862,0.43635319413534984,0.43635319413534984,160.7802583402276,160.7802583402276,0.5350288776301607,0.0,0.9,1.0,0.0,0.0,0.0,85.3354359253957,94.42741546822052,20,0.0,False,False,0.10031240325003658,demand,1.0
0.5,0.6,93.57021701563465,475.9364169069484,23.817015980240164,69.75320103539448,44.23725490196078,0.5576274509803922,0.4254772145956448,0.580201151367446,0.5745227854043552,0.7082728103362734,0.9082075347359926,0.44173273545608166,0.44173273545608166,167.579740680119,167.579740680119,0.4962013401438098,0.0,0.9,1.0,0.0,0.0,0.0,88.58316580354109,97.49030800251968,20,0.0,False,False,0.09519206520051456,demand,1.0
0.5,0.65,95.96169218655655,523.5172555542615,26.157095638303975,69.80459654825258,44.55882352941176,0.5544117647058824,0.41789787942966283,0.580201151367446,0.5821021205703373,0.7049042251302404,0.9076488003956538,0.44692218046025,0.44692218046025,173.48378762911096,173.48378762911096,0.46249540179411686,0.0,0.9,1.0,0.0,0.0,0.0,92.39980385311468,99.48581982802436,20,0.0,False,False,0.07384213234937491,demand,1.0
0.6,0.35,93.10630065604583,279.69105741418065,14.003772382763959,79.10252827328188,53.8343137254902,0.461656862745098,0.5202206074783743,0.596546932993319,0.4797793925216257,0.6348352667284887,0.9081369652064122,0.31321163890114895,0.20570969377216572,135.56391912936994,117.23113251756058,0.7944380978946229,0.0,0.9,1.0,0.0,0.0,0.0,91.26640219151471,95.16748666205591,20,0.0,False,False,0.04189925325196429,demand,1.0
0.6,0.4,88.9500650348458,305.7630072413439,15.31994769751202,73.63011733733379,48.122549019607845,0.5187745098039216,0.4867656041732129,0.596546932993319,0.5132343958267871,0.679331732330059,0.9083055841188594,0.36893961453735363,0.3058238405506273,140.94197245736137,128.15619943511646,0.6943554679895438,0.0,0.9,1.0,0.0,0.0,0.0,86.2322540908419,91.87306724068522,20,0.0,False,False,0.06341550337971699,demand,1.0
0.6,0.45,88.1192775690117,340.17693711093904,17.042583039005283,71.07669453000642,45.31666666666667,0.5468333333333334,0.4627025947501952,0.596546932993319,0.5372974052498047,0.7012179951390665,0.9088088072041666,0.40225275809739836,0.3817160640468993,147.40683411650406,142.57535306937947,0.618421697809629,0.0,0.9,1.0,0.0,0.0,0.0,84.18267635434731,90.68722632619692,20,0.0,False,False,0.0738152893588522,demand,1.0
0.6,0.5,88.06396150450055,376.3995875879836,18.79630969570575,69.26765180879481,43.5,0.5650000000000001,0.4444080283315667,0.596546932993319,0.5555919716684334,0.7143986501000639,0.9083480451029404,0.42655815253669627,0.42537457897957437,153.5482289288471,153.24689365211083,0.5585352071991718,0.0,0.9,1.0,0.0,0.0,0.0,81.93833900968188,92.2463072357242,20,0.0,False,False,0.11705092582640092,demand,1.0
0.6,0.55,88.97048443914512,414.68193951272053,20.68972355484367,68.28076088430146,42.57058823529412,0.5742941176470588,0.43055254600290455,0.596546932993319,0.5694474539970955,0.7211499833153943,0.9084826696417982,0.44208433729165586,0.44208433729165586,159.4404929831768,159.4404929831768,0.5118775823719587,0.0,0.9,1.0,0.0,0.0,0.0,83.95519105198262,92.43283507956792,20,0.0,False,False,0.0952860275070652,demand,1.0
0.6,0.6,91.15539498524312,461.6231388718426,23.049333221656326,68.10606176358678,42.41960784313726,0.5758039215686275,0.418742004992508,0.596546932993319,0.581257995007492,0.7219659779931347,0.9081429895938203,0.45077404320298387,0.45077404320298387,165.93784799107715,165.93784799107715,0.47139358305850837,0.0,0.9,1.0,0.0,0.0,0.0,86.62751090434752,95.2764252562566,20,0.0,False,False,0.09488099254365835,demand,1.0
0.6,0.65,93.9766194947629,512.0456882174909,25.642776573184488,68.33384292157841,42.733333333333334,0.5726666666666667,0.4091977673946955,0.596546932993319,0.5908022326053045,0.7193551564746468,0.9079480266235718,0.4542944974691322,0.4542944974691322,172.17026240518126,172.17026240518126,0.43820034800000085,0.0,0.9,1.0,0.0,0.0,0.0,87.37276738833916,98.99321321881837,20,0.0,False,False,0.12365252009439213,demand,1.0
0.7,0.35,92.86333753948179,271.8375728540639,13.527324215702128,79.33601332377967,54.4156862745098,0.455843137254902,0.5271312888112072,0.613353217974504,0.4728687111887928,0.6291113644279351,0.9081891642438956,0.31673611985535144,0.23224692382719506,135.90521257944087,120.98668171324883,0.7677620703138155,0.0,0.9,1.0,0.0,0.0,0.0,90.17282143791623,96.53194191330275,20,0.0,False,False,0.068478267569081,demand,1.0
0.7,0.4,89.65602798653066,301.54173255243023,15.123032714193187,74.53299527233746,48.97941176470589,0.5102058823529412,0.4915304895378999,0.613353217974504,0.5084695104621001,0.6729667020110158,0.9082533200326532,0.3672382422529081,0.3316910891591009,141.67815653438421,134.17333831073424,0.6684748989466471,0.0,0.9,1.0,0.0,0.0,0.0,86.83268352072227,94.94551703380493,20,0.0,False,False,0.09048843335220563,demand,1.0
0.7,0.45,87.98878499623112,333.9978692188518,16.727727996724187,71.26105699950693,45.45,0.5455,0.4647172981338185,0.613353217974504,0.5352827018661814,0.7001903776845415,0.9084827219882975,0.4032850083906868,0.40080028675358037,147.4419486944765,146.84371901126036,0.5924481485396241,0.0,0.9,1.0,0.0,0.0,0.0,85.22089364322477,92.31051764675281,20,0.0,False,False,0.08057417776403798,demand,1.0
0.7,0.5,87.44585499901757,368.4714636692226,18.418111179706216,69.02774381931135,43.154901960784315,0.5684509803921569,0.444069887597344,0.613353217974504,0.555930112402656,0.7173365010194808,0.9087813529442291,0.42872041829243557,0.42872041829243557,153.0594564123471,153.0594564123471,0.5335157620823895,0.0,0.9,1.0,0.0,0.0,0.0,85.18343888132826,89.49429455122734,20,0.0,False,False,0.049297427190202615,demand,1.0
0.7,0.55,89.08879839719593,407.42317056791364,20.59700191058613,68.4917964866098,42.54803921568627,0.5745196078431373,0.42965954098493364,0.613353217974504,0.5703404590150664,0.7219334866050381,0.9087520955832646,0.4392372030553019,0.4392372030553019,158.8377468418524,158.8377468418524,0.4921713775196911,0.0,0.9,1.0,0.0,0.0,0.0,85.91801838461205,93.58191579661478,20,0.0,False,False,0.08602537636475684,demand,1.0
0.7,0.6,88.57627049478722,445.5923010516511,22.139704479559335,66.4365660152279,40.75,0.5925,0.41392168508700716,0.613353217974504,0.5860783149129929,0.7340217174612451,0.9081841740945931,0.460200397961897,0.460200397961897,164.0511230084506,164.0511230084506,0.4468351017525875,0.0,0.9,1.0,0.0,0.0,0.0,82.46603467987197,92.4267691480541,20,0.0,False,False,0.11245375779022368,demand,1.0
0.7,0.65,90.98229629598413,494.24880945746406,24.56455670077367,66.41773959521045,40.67647058823529,0.5932352941176471,0.4023220024276828,0.613353217974504,0.5976779975723173,0.7348257497103851,0.9084257457398988,0.4653779399266574,0.4653779399266574,170.11946924089858,170.11946924089858,0.4138311456384137,0.0,0.9,1.0,0.0,0.0,0.0,83.81708339085644,98.64053751646762,20,0.0,False,False,0.16292679707036006,demand,1.0
0.8,0.35,94.68405145198325,268.2195634350056,13.424322989194778,81.25972846278847,56.39509803921569,0.43604901960784315,0.5358524953178961,0.6306329798931225,0.46414750468210375,0.6132943846708274,0.9076111682076814,0.30765866087700044,0.25606598226780525,136.75390828231812,127.29323140572312,0.7440103210789492,0.0,0.9,1.0,0.0,0.0,0.0,92.66608100553464,97.2618801951221,20,0.0,False,False,0.04853826086981625,demand,1.0
0.8,0.4,89.38510193602504,293.83615584965315,14.65918803303688,74.72591390298815,49.37352941176471,0.506264705882353,0.49686289932841754,0.6306329798931225,0.5031371006715825,0.6693522090277779,0.9082912750147024,0.3682710534787896,0.35818659165184485,141.48662746515745,139.30574519623838,0.6411212881056482,0.0,0.9,1.0,0.0,0.0,0.0,87.30712199664227,92.16561572313472,20,0.0,False,False,0.054354625337562294,demand,1.0
0.8,0.45,87.61646525777812,326.06212949118924,16.280344978848554,71.33612027892954,45.588235294117645,0.5441176470588236,0.4681595609246131,0.6306329798931225,0.5318404390753869,0.6990171274918515,0.9083199545464268,0.4040136938035371,0.4040136938035371,147.00092280665214,147.00092280665214,0.5664409308328928,0.0,0.9,1.0,0.0,0.0,0.0,85.5446487920763,90.4094757872257,20,0.0,False,False,0.05552411845007097,demand,1.0
0.8,0.5,87.80419739212648,364.29409006804883,18.252371361149613,69.55182603097687,43.44313725490196,0.5655686274509805,0.4451366637778461,0.6306329798931225,0.5548633362221539,0.7157470438506606,0.9084192166734457,0.42622532010614245,0.42622532010614245,153.01559050266454,153.01559050266454,0.5080956192353009,0.0,0.9,1.0,0.0,0.0,0.0,85.91371405494645,91.72012836870209,20,0.0,False,False,0.06612912009006425,demand,1.0
0.8,0.55,88.01982839791827,398.62872977555895,20.05456247112253,67.96526592679575,41.8921568627451,0.5810784313725491,0.4282104154327392,0.6306329798931225,0.5717895845672609,0.7271260192004976,0.9090276851044943,0.4428974622937634,0.4428974622937634,157.97217125124777,157.97217125124777,0.46588194278429407,0.0,0.9,1.0,0.0,0.0,0.0,83.97382931289798,91.67566481876152,20,0.0,False,False,0.08750114202728547,demand,1.0
0.8,0.6,87.95617814136776,435.00103518482865,21.784413771054684,66.17176437031307,40.294117647058826,0.5970588235294118,0.41213548087676977,0.6306329798931225,0.5878645191232302,0.7379438536175899,0.9086914228963539,0.4601401703822086,0.4601401703822086,162.89379898193525,162.89379898193525,0.4263331120391272,0.0,0.9,1.0,0.0,0.0,0.0,84.13494021481881,91.41786925309815,20,0.0,False,False,0.08280179052998222,demand,1.0
0.8,0.65,90.06086093505039,481.5036756044965,24.179624866531633,65.88123606851875,39.93529411764706,0.6006470588235294,0.398905145395745,0.6306329798931225,0.6010948546042549,0.7407171838356227,0.9089214473885825,0.4662466780374796,0.4662466780374796,168.69753468707114,168.69753468707114,0.39466597194943687,0.0,0.9,1.0,0.0,0.0,0.0,85.62334120888198,93.72965977532608,20,0.0,False,False,0.09000933904340726,demand,1.0
0.9,0.35,95.5680938681854,262.1858032109271,13.11489003504588,82.45320383313951,57.8,0.422,0.5442040012868099,0.6483995578309835,0.4557959987131901,0.6014430747787326,0.9074139543892304,0.30176090668038696,0.2832188731313986,136.86570373236935,133.37136292859938,0.7167095229850323,0.0,0.9,1.0,0.0,0.0,0.0,93.04645169261748,98.11627865912249,20,0.0,False,False,0.053049367851761134,demand,1.0
0.9,0.4,90.70051753635498,287.55752524125705,14.458192637487283,76.2423248988677,51.00686274509804,0.48993137254901964,0.5059274909325542,0.6483995578309835,0.49407250906744576,0.6565770134331423,0.9084454316209459,0.3585046656375797,0.3584581945427206,141.38105325390922,141.3710952354333,0.6205183972040577,0.0,0.9,1.0,0.0,0.0,0.0,88.08005355779866,94.19245582738954,20,0.0,False,False,0.06739104070868034,demand,1.0
0.9,0.45,87.77648262179868,317.99712986973947,15.932659778528109,71.84382284327057,46.194117647058825,0.5380588235294118,0.4735479476311243,0.6483995578309835,0.5264520523688757,0.6942473202014195,0.908449905762051,0.4006199242796128,0.4006199242796128,146.43872682441847,146.43872682441847,0.5427240069018449,0.0,0.9,1.0,0.0,0.0,0.0,85.40118160027203,90.11190921582158,20,0.0,False,False,0.053667308997178725,demand,1.0
0.9,0.5,87.15735470222805,353.9755467287856,17.700222590920536,69.45713211130752,43.40980392156863,0.5659019607843138,0.44813298240568605,0.6483995578309835,0.5518670175943139,0.7160026994498951,0.9087581868450355,0.42651643181338655,0.42651643181338655,151.96880877668713,151.96880877668713,0.4842018201765221,0.0,0.9,1.0,0.0,0.0,0.0,83.41796815385199,89.556020681441,20,0.0,False,False,0.0704249520715674,demand,1.0
0.9,0.55,87.18730135906867,388.8324337768605,19.550283199094583,67.63701815997409,41.54705882352941,0.584529411764706,0.4286947922079105,0.6483995578309835,0.5713052077920896,0.7296924098018774,0.9091986403234248,0.44455807846298223,0.44455807846298223,156.94992561541846,156.94992561541846,0.44123433025409275,0.0,0.9,1.0,0.0,0.0,0.0,83.0975990120787,90.89181290961788,20,0.0,False,False,0.08939620536527221,demand,1.0
0.9,0.6,86.79935627129744,424.1551483039583,21.191427431100276,65.60792884019716,39.61960784313725,0.6038039215686275,0.410609761883863,0.6483995578309835,0.589390238116137,0.7431099934354738,0.9089472899505159,0.4632343076959944,0.4632343076959944,161.684946837522,161.684946837522,0.4023256850837328,0.0,0.9,1.0,0.0,0.0,0.0,82.55833614779927,90.9392857418852,20,0.0,False,False,0.09655543490311945,demand,1.0
0.9,0.65,89.12915707554274,472.3557517690075,23.742085176547917,65.3870718989948,39.18921568627451,0.6081078431372549,0.39549333488584687,0.6483995578309835,0.6045066651141531,0.7465834928318668,0.9089152865922122,0.4685569743583137,0.4685569743583137,167.6922033581663,167.6922033581663,0.3712964405462707,0.0,0.9,1.0,0.0,0.0,0.0,85.33884018254952,94.27552840633639,20,0.0,False,False,0.10026671985927625,demand,1.0
1.0,0.35,96.73258004372722,256.5317160214389,12.820298289114817,83.91228175461241,59.445098039215694,0.4055490196078432,0.5529224062151881,0.6666666666666666,0.4470775937848119,0.5876995431820737,0.9072102952220826,0.2933646320470952,0.29327981043540663,136.88641776522658,136.87049198160835,0.6872796752561147,0.0,0.9,1.0,0.0,0.0,0.0,93.21960173743169,98.70410147975164,20,0.0,False,False,0.05669754430038699,demand,1.0
1.0,0.4,91.07818872620534,280.9934023840062,14.078776379757736,76.9994123464476,51.91078431372549,0.48089215686274506,0.5127828122407372,0.6666666666666666,0.48721718775926276,0.6491203120915111,0.9081008402299208,0.354580307932223,0.354580307932223,141.10486310231403,141.10486310231403,0.5908584076572297,0.0,0.9,1.0,0.0,0.0,0.0,87.86019746442965,93.56059397120006,20,0.0,False,False,0.06258794324409175,demand,1.0
1.0,0.45,88.16957140533557,310.8279784081551,15.577458796266999,72.59211260906858,47.015686274509804,0.529843137254902,0.4797544736838601,0.6666666666666666,0.5202455263161399,0.6879152664924033,0.9084632958876254,0.3958517417116735,0.3958517417116735,145.93150184429933,145.93150184429933,0.5171463114057928,0.0,0.9,1.0,0.0,0.0,0.0,86.09259635212088,89.98243457831438,20,0.0,False,False,0.04411769462177641,demand,1.0
1.0,0.5,87.29666355669823,346.5544349040732,17.377858440596295,69.91880511610194,43.85686274509804,0.5614313725490196,0.45203727086633316,0.6666666666666666,0.5479627291336668,0.7126782125079157,0.908561399023014,0.4231307784531412,0.4231307784531412,151.31723460387428,151.31723460387428,0.45935274684371485,0.0,0.9,1.0,0.0,0.0,0.0,84.96683667964493,89.74247801640865,20,0.0,False,False,0.05470588613804237,demand,1.0
1.0,0.55,86.43050872827554,379.85573642228525,19.02145063669102,67.40905809158453,41.293137254901964,0.5870686274509804,0.42973021944248313,0.6666666666666666,0.570269780557517,0.7314042909253281,0.908814156045352,0.44605153065603875,0.44605153065603875,156.0142385233873,156.0142385233873,0.4149199347381707,0.0,0.9,1.0,0.0,0.0,0.0,83.3978435288357,89.01395104287447,20,0.0,False,False,0.06497829986972502,demand,1.0
1.0,0.6,86.15059922703286,414.0417754224004,20.71063525831483,65.43996396871802,39.34901960784314,0.6065098039215686,0.41092623543911005,0.6666666666666666,0.5890737645608899,0.745375442058935,0.9092203488771089,0.46349054330549705,0.46349054330549705,160.5604545538949,160.5604545538949,0.3793101502306867,0.0,0.9,1.0,0.0,0.0,0.0,81.85906016874226,90.00496914187781,20,0.0,False,False,0.09455429267147192,demand,1.0
1.0,0.65,86.80154079836544,453.1833398191449,22.698897414665673,64.10264338369976,38.04705882352941,0.6195294117647059,0.3943173653550486,0.6666666666666666,0.6056826346449514,0.7543268373308536,0.9090092627661601,0.47548944567472085,0.47548944567472085,165.458085076764,165.458085076764,0.3493335178449052,0.0,0.9,1.0,0.0,0.0,0.0,81.28298003824546,90.82322278017119,20,0.0,False,False,0.10990867966373001,demand,1.0
1.25,0.35,100.1022415508911,238.7125061392412,11.960997208848866,88.14124434204223,64.47843137254901,0.35521568627450983,0.5796126941442739,0.7146177813721907,0.4203873058557262,0.5441471546508152,0.9067824826735146,0.26306059426490613,0.26306059426490613,135.83262693824986,135.83262693824986,0.6129028773804033,0.0,0.9,1.0,0.0,0.0,0.0,97.82770220014095,102.98016345370985,20,0.0,False,False,0.0514719867781326,demand,1.0
1.25,0.4,94.23467436144321,266.0667102497109,13.377457241929331,80.85721711951388,56.0686274509804,0.4393137254901961,0.5353698123457528,0.7146177813721907,0.46463018765424724,0.6155686307208621,0.9074060827653888,0.32836455754220495,0.32836455754220495,140.29915321220557,140.29915321220557,0.5178963107903679,0.0,0.9,1.0,0.0,0.0,0.0,91.70674234360672,97.75125942709077,20,0.0,False,False,0.06414323734276318,demand,1.0
1.25,0.45,88.81136203027063,292.59708438657077,14.526742348892322,74.2846196813783,48.96764705882353,0.5103235294117647,0.4960109503501352,0.7146177813721907,0.5039890496498648,0.6722933765002834,0.9081372916832791,0.3849640810147377,0.3849640810147377,144.3904577544914,144.3904577544914,0.4434953964039785,0.0,0.9,1.0,0.0,0.0,0.0,84.7559925479412,91.4498388070945,20,0.0,False,False,0.07537150772298422,demand,1.0
1.25,0.5,87.85849478963829,326.1106520006242,16.349760043298467,71.50873474633981,45.56372549019608,0.5443627450980393,0.46665815487219897,0.7146177813721907,0.533341845127801,0.6999728270807064,0.9089460992991288,0.41148468114364,0.41148468114364,149.2758526209229,149.2758526209229,0.3940512517592053,0.0,0.9,1.0,0.0,0.0,0.0,85.30136971130666,90.76440035256118,20,0.0,False,False,0.06217987975249047,demand,1.0
1.25,0.55,86.35064243351648,360.7109210089353,17.984971596995415,68.36567083652106,42.049019607843135,0.5795098039215687,0.4380499552553621,0.7146177813721907,0.5619500447446379,0.7266236882716635,0.909036837038472,0.4394855962084909,0.4394855962084909,154.04042214448435,154.04042214448435,0.3498205361314223,0.0,0.9,1.0,0.0,0.0,0.0,83.42378500563376,88.65894884884459,20,0.0,False,False,0.06062680827466351,demand,1.0
1.25,0.6,85.50271384772766,389.1296152414122,19.566037711621703,65.93667613610594,39.740196078431374,0.6025980392156863,0.418035409269204,0.7146177813721907,0.581964590730796,0.7427518125694166,0.9091819813941526,0.4581018690617139,0.4581018690617139,157.75433971258173,157.75433971258173,0.321543464850006,0.0,0.9,1.0,0.0,0.0,0.0,81.37463884309176,89.82442550032451,20,0.0,False,False,0.09882477733140763,demand,1.0
1.25,0.65,85.62058469515665,433.05419957634547,21.61735895900733,64.00322573614933,37.47549019607843,0.6252450980392157,0.393597356473006,0.7146177813721907,0.606402643526994,0.7594315503955812,0.9092753628123094,0.47556918079576055,0.47556918079576055,163.24195649255998,163.24195649255998,0.2890242542598196,0.0,0.9,1.0,0.0,0.0,0.0,81.97325376944944,88.35791192466031,20,0.0,False,False,0.07456919592341953,demand,1.0
1.5,0.35,103.69530437489018,220.21075177562003,10.975787695240498,92.71951667964967,69.87843137254902,0.3012156862745098,0.6063705104838533,0.7660178601799682,0.3936294895161467,0.49640070921662993,0.9059904843022512,0.22790693101624115,0.22790693101624115,134.30067449316692,134.30067449316692,0.5173977960730957,0.0,0.9,1.0,0.0,0.0,0.0,101.01574059242151,107.25786075307502,20,0.0,False,False,0.060196748524758106,demand,1.0
1.5,0.4,96.0445857308306,244.06208528832946,12.164713440862503,83.8798722899681,59.92254901960784,0.4007745098039216,0.5613548950112459,0.7660178601799682,0.43864510498875414,0.581960383892095,0.9069652594230693,0.3045045870691979,0.3045045870691979,138.09197868399553,138.09197868399553,0.43248736302473284,0.0,0.9,1.0,0.0,0.0,0.0,93.49520712470557,99.99636007231864,20,0.0,False,False,0.06768890612775244,demand,1.0
1.5,0.45,92.18529347202876,273.9778048371244,13.706016949196638,78.47927652283212,53.47843137254902,0.4652156862745098,0.521938069373177,0.7660178601799682,0.478061930626823,0.6367754490118649,0.9082751011838361,0.3535893692708827,0.3535893692708827,142.60223131328524,142.60223131328524,0.36973978249934675,0.0,0.9,1.0,0.0,0.0,0.0,87.71321380597746,95.33769383411575,20,0.0,False,False,0.08270820367298332,demand,1.0
1.5,0.5,88.95531799748849,302.82726891463966,15.162083713695583,73.7932342837929,48.219607843137254,0.5178039215686274,0.4876706872974263,0.7660178601799682,0.5123293127025736,0.6787988880958761,0.9084200448667715,0.39378459457877585,0.39378459457877585,146.73430067907583,146.73430067907583,0.32289406628387846,0.0,0.9,1.0,0.0,0.0,0.0,86.57026010597451,91.50878530792824,20,0.0,False,False,0.055516919203112226,demand,1.0
1.5,0.55,86.91961755258677,333.76848165671447,16.725504774394505,70.19411277819226,44.19901960784314,0.5580098039215687,0.4574125944859042,0.7660178601799682,0.5425874055140958,0.7101217397228717,0.908926220124829,0.42425510467488275,0.42425510467488275,150.96131681347788,150.96131681347788,0.2863883490942457,0.0,0.9,1.0,0.0,0.0,0.0,82.42391897956627,89.29622303385229,20,0.0,False,False,0.07906505168557884,demand,1.0
1.5,0.6,85.31261466662602,368.7321608164267,18.3801270312278,66.93248763539822,40.561764705882354,0.5943823529411765,0.4276057850393217,0.7660178601799682,0.5723942149606783,0.737418211739772,0.9092070691542006,0.4514917857264783,0.4514917857264783,155.52110758381886,155.52110758381886,0.25423127283597846,0.0,0.9,1.0,0.0,0.0,0.0,81.61064710046846,90.58420035915915,20,0.0,False,False,0.10518436568561906,demand,1.0
1.5,0.65,84.10581565184157,403.5027255754452,20.02836123814968,64.0774544136919,37.5421568627451,0.6245784313725491,0.4015379678977234,0.7660178601799682,0.5984620321022767,0.7590363800747193,0.9091807339218301,0.4739338483838054,0.4739338483838054,159.8611554899735,159.8611554899735,0.2289163673467624,0.0,0.9,1.0,0.0,0.0,0.0,81.16403535960649,86.88993520531152,20,0.0,False,False,0.06807971364795458,demand,1.0
0.05,0.35,0.0,1.2670772161871818e-40,0.0,0.0,0.0,1.0,0.0,0.5120135414510577,0.0,0.0,0.9112368024071476,1.0,1.0,4.225971571237371e-41,4.1524280184704716e-41,0.0,0.0,0.9,0.0,0.0,1.0,0.0,0.0,0.0,20,1.0,True,False,,collapsed,2.0
0.05,0.4,75.21258744469165,242.91169437012528,12.145584718505207,63.06700272618643,41.95,0.5805,0.4267065835871442,0.5120135414510577,0.4232934164128558,0.5654361382807996,0.9011475920976808,0.21053115749048618,0.18014993624429276,81.01617800032312,78.01395970929272,0.8198500637557053,0.0,0.901,0.04499999999999999,0.03499999999999999,0.9199999999999999,0.0,0.0,95.90482502619592,20,0.15,False,True,1.2751166830514975,capital,2.0
0.05,0.45,140.22407610758654,562.8952929738746,28.137381504847422,112.08669460273912,77.02843137254902,0.22971568627450983,0.49439174637718886,0.5120135414510577,0.505608253622811,0.4883131272769914,0.9070455229397745,0.21041925680402432,0.20951990295279438,177.57526229960473,177.3758066252072,0.7757749355066643,0.0,0.9,1.0,0.0,0.0,0.0,134.70237573875139,147.46219574842456,20,0.0,False,False,0.09099592854427681,demand,2.0
0.05,0.5,149.0702367320086,648.2624844486145,32.41772655178845,116.65251018022018,81.87450980392157,0.1812549019607843,0.4943110437104596,0.5120135414510577,0.5056889562895404,0.44861579900501125,0.906563866283778,0.1795533056126148,0.1795533056126148,181.6918662679043,181.6918662679043,0.7161020378300968,0.0,0.9,1.0,0.0,0.0,0.0,145.65628559113068,152.94151426245148,20,0.0,False,False,0.048871114925629545,demand,2.0
0.05,0.55,156.58680962438197,729.6703211722468,36.483516058612395,120.10329356576958,86.0,0.14,0.49429452758627723,0.5120135414510577,0.5057054724137228,0.41268320068670106,0.9061010139723994,0.1397983412559244,0.1397983412559244,182.03448173553952,182.03448173553952,0.6683568203177379,0.0,0.9,1.0,0.0,0.0,0.0,151.124018720849,165.69130317551696,20,0.0,False,False,0.0930300865673919,demand,2.0
0.05,0.6,166.73986233585612,831.3799159568778,41.56899216999135,125.17087016586478,91.57549019607843,0.08424509803921568,0.4942905583356604,0.5120135414510577,0.5057094416643396,0.36506660885584663,0.905466731311771,0.08422950726480291,0.08422950726480291,182.07598290749223,182.07598290749223,0.6246506186286519,0.0,0.9,1.0,0.0,0.0,0.0,158.4087927776534,174.79630726146985,20,0.0,False,False,0.09828192403570464,demand,2.0
0.05,0.65,176.07108405725984,931.3513489008371,46.56756744504188,129.503516612218,96.7,0.03300000000000003,0.494289000342924,0.5120135414510577,0.505710999657076,0.3193196775482702,0.9046873688517236,0.03299891410026595,0.03299891410026595,182.0795076978107,182.0795076978107,0.588696662742221,0.0,0.9,1.0,0.0,0.0,0.0,171.15490545621498,182.07974412474627,20,0.0,False,False,0.06204788666478842,demand,2.0
0.3,0.35,116.54418560399029,378.08722791517135,18.92126107756739,97.62292452642289,64.88725490196079,0.35112745098039216,0.4512393704430582,0.5488409715364094,0.44876062955694185,0.4782858255558914,0.9093321165599824,0.25820169738346543,0.22411464239299397,141.37207454882488,135.49663485462557,0.7759942991088555,0.0,0.9005000000000001,0.8285294117647058,0.07147058823529413,0.1,0.0,0.0,133.58547478965204,20,0.1,False,True,1.1462217020724395,demand,2.0
0.3,0.4,129.73028551808267,478.5642083494839,23.90295718576805,105.8273283323146,68.68039215686274,0.31319607843137254,0.4764403087867552,0.5488409715364094,0.5235596912132447,0.560720163974904,0.9091265259226718,0.2242174589654812,0.2242174589654812,167.21815936159854,167.21815936159854,0.756414097962165,0.0,0.9,1.0,0.0,0.0,0.0,126.95641173086473,131.72809350812372,20,0.0,False,False,0.036781556120092575,demand,2.0
0.3,0.45,131.58531560906732,534.7528662991601,26.756503350560394,104.82881225850693,67.86274509803921,0.3213725490196078,0.4641495549925166,0.5488409715364094,0.5358504450074835,0.5662404567884344,0.908632094196969,0.24680933398372815,0.24680933398372815,174.6984023110587,174.6984023110587,0.6867119639866697,0.0,0.9,1.0,0.0,0.0,0.0,129.77686576067381,134.36094620766636,20,0.0,False,False,0.03483732531836298,demand,2.0
0.3,0.5,135.40010644211765,601.7910283078254,30.06493256948313,105.33517387263453,68.55686274509804,0.31443137254901965,0.4556914062854277,0.5488409715364094,0.5443085937145723,0.5601607876084908,0.9079872871498053,0.2548117523407297,0.2548117523407297,181.68651423991906,181.68651423991906,0.6278782933372731,0.0,0.9,1.0,0.0,0.0,0.0,128.91201553249488,139.44116835630493,20,0.0,False,False,0.07776325366709495,demand,2.0
0.3,0.55,141.58597367941255,681.6929027680017,34.09263617933898,107.49333750007358,70.75980392156863,0.29240196078431374,0.4497901014910797,0.5488409715364094,0.5502098985089203,0.5430985870660684,0.9078246490132983,0.24684345834912308,0.24684345834912308,187.97518280341973,187.97518280341973,0.5797003224205887,0.0,0.9,1.0,0.0,0.0,0.0,136.92550144192626,147.32185669751846,20,0.0,False,False,0.07342786142878989,demand,2.0
0.3,0.6,147.68153232956777,763.6254357412743,38.192013098002505,109.48951923156525,73.1049019607843,0.26895098039215687,0.4455215707409024,0.5488409715364094,0.5544784292590976,0.5236528855511542,0.9072996080479717,0.2339304624842856,0.2339304624842856,192.76438973819444,192.76438973819444,0.5397549533566595,0.0,0.9,1.0,0.0,0.0,0.0,143.22961219804841,152.50018302640493,20,0.0,False,False,0.06277406986588005,demand,2.0
0.3,0.65,154.08952051979946,849.4406919857358,42.48454695946708,111.60497356033241,75.73725490196078,0.24262745098039215,0.4423685827955743,0.5488409715364094,0.5576314172044258,0.5011912740918822,0.906793285634043,0.21591274061896173,0.21591274061896173,196.50673730340316,196.50673730340316,0.5062450281715367,0.0,0.9,1.0,0.0,0.0,0.0,147.5133634433004,158.88110749293023,20,0.0,False,False,0.07377363503554517,demand,2.0
0.4,0.35,118.66407764930644,382.0306570434588,19.065562160062324,99.59851548924411,66.21764705882353,0.33782352941176474,0.45192266503488704,0.5643032549995192,0.44807733496511293,0.4703628159917706,0.9096709759662046,0.2564290118209685,0.2539155097877318,143.6252214807486,143.14845755797572,0.7429033251710144,0.0,0.9005000000000001,0.9,0.0,0.1,0.0,0.0,134.10014068084286,20,0.1,False,True,1.1300820209225857,demand,2.0
0.4,0.4,129.9094554002767,472.95964438429263,23.690213939283957,106.21924146099275,68.76764705882353,0.3123235294117647,0.47636583742619687,0.5643032549995192,0.5236341625738031,0.5609712115840388,0.9091536132270912,0.22172749653729001,0.22172749653729001,166.91392112444422,166.91392112444422,0.730088875003769,0.0,0.9,1.0,0.0,0.0,0.0,128.1952381025882,132.78123051168112,20,0.0,False,False,0.03530145203797954,demand,2.0
0.4,0.45,130.04608457821809,525.1900061220684,26.257439685964833,103.78864489225325,66.45588235294117,0.3354411764705882,0.45990757724320463,0.5643032549995192,0.5400924227567954,0.5781755847296383,0.9089342418739281,0.25108670513164466,0.25108670513164466,173.6386388839681,173.6386388839681,0.6580265760525257,0.0,0.9,1.0,0.0,0.0,0.0,126.653225606267,133.65556401262495,20,0.0,False,False,0.05384505369053455,demand,2.0
0.4,0.5,133.07261567545657,589.2174671395746,29.460754928389736,103.61186074706681,66.28235294117647,0.33717647058823524,0.44827984789172526,0.5643032549995192,0.5517201521082747,0.5794284696167764,0.9087602227823,0.26299740243852593,0.26299740243852593,180.55029710170822,180.55029710170822,0.6001740164792269,0.0,0.9,1.0,0.0,0.0,0.0,129.8801600650425,137.0168615316442,20,0.0,False,False,0.0536301284105439,demand,2.0
0.4,0.55,136.6891479033393,656.9231214348717,32.82551704338478,103.86363085995451,66.7764705882353,0.332235294117647,0.4396715801832277,0.5643032549995192,0.5603284198167723,0.5748081748514193,0.9082872916348086,0.2674951393333774,0.2674951393333774,186.59628318615958,186.59628318615958,0.5529821783846002,0.0,0.9,1.0,0.0,0.0,0.0,132.92471844213514,139.86359451998916,20,0.0,False,False,0.05076391348024859,demand,2.0
0.4,0.6,141.73684030752284,734.384434164492,36.69374011040493,105.04310019711791,68.18333333333334,0.31816666666666665,0.43295055841175245,0.5643032549995192,0.5670494415882475,0.5632411796463959,0.9078187401797251,0.2628733825258965,0.2628733825258965,192.26591151173986,192.26591151173986,0.5129596053573613,0.0,0.9,1.0,0.0,0.0,0.0,136.01724443763678,146.59536519521964,20,0.0,False,False,0.07463211917686174,demand,2.0
0.4,0.65,148.71312816885217,826.1454270183943,41.36982842137583,107.34329974747632,70.64901960784314,0.29350980392156867,0.4275649895338571,0.5643032549995192,0.5724350104661429,0.5436492462180865,0.9073612697564032,0.24786158943814654,0.24786158943814654,197.7069458275048,197.7069458275048,0.47854663653558915,0.0,0.9,1.0,0.0,0.0,0.0,141.47845330623127,152.26425836470537,20,0.0,False,False,0.0725275918224762,demand,2.0
0.5,0.35,132.7623811986015,417.4698028256398,20.869532863632127,111.89284833496939,74.93039215686274,0.25069607843137254,0.5078977068518011,0.580201151367446,0.4921022931481989,0.5117343582837504,0.908592302155969,0.16663801523244542,0.16663801523244542,159.30788123589522,159.30788123589522,0.8023618047455099,0.0,0.9,1.0,0.0,0.0,0.0,131.06395965784054,134.43410244288262,20,0.0,False,False,0.025384772061301186,demand,2.0
0.5,0.4,129.51118001947822,463.4257567257433,23.206457755505372,106.30472226397288,68.87058823529412,0.31129411764705883,0.47852724285959125,0.580201151367446,0.5214727571404087,0.560168158288247,0.9092648494549802,0.21961941847741592,0.21961941847741592,165.95231478034546,165.95231478034546,0.7051649697034914,0.0,0.9,1.0,0.0,0.0,0.0,127.07461160314256,132.109385707601,20,0.0,False,False,0.0388752083310586,demand,2.0
0.5,0.45,129.50070590717837,518.0787823115127,25.909663793733593,103.59104211344479,65.91274509803921,0.3408725490196078,0.4580512780374562,0.580201151367446,0.5419487219625437,0.5833971001271542,0.9092773964279329,0.2508950426168565,0.2508950426168565,172.86629830330344,172.86629830330344,0.6305354773167037,0.0,0.9,1.0,0.0,0.0,0.0,126.90441349566667,132.40741175975177,20,0.0,False,False,0.04249396345398651,demand,2.0
0.5,0.5,131.40950653456338,580.2798929704301,28.9675253703367,102.44198116422669,64.68333333333334,0.35316666666666663,0.442990007338366,0.580201151367446,0.557009992661634,0.5927447756232362,0.9088903094200426,0.26864459180931416,0.26864459180931416,179.6693927993867,179.6693927993867,0.5712013461071128,0.0,0.9,1.0,0.0,0.0,0.0,128.01858489046117,134.71896224790734,20,0.0,False,False,0.050988528411251864,demand,2.0
0.5,0.55,134.2736275912582,643.4028443720455,32.22019906164581,102.05342852961239,64.49313725490195,0.35506862745098033,0.4322665222793035,0.580201151367446,0.5677334777206965,0.5934441357172356,0.9085843178355072,0.27675551862469533,0.27675551862469533,185.64627778342063,185.64627778342063,0.5266007500902656,0.0,0.9,1.0,0.0,0.0,0.0,132.28731095697174,138.05570018167506,20,0.0,False,False,0.04295995668086705,demand,2.0
0.5,0.6,138.44008047580095,715.6579686798143,35.891948853837164,102.54813162196379,65.14803921568628,0.34851960784313724,0.42351091951559344,0.580201151367446,0.5764890804844065,0.5880342089145243,0.9083531220533109,0.2773102262822501,0.2773102262822501,191.54949264752346,191.54949264752346,0.4881481192034019,0.0,0.9,1.0,0.0,0.0,0.0,133.51929203620236,142.27574584209256,20,0.0,False,False,0.06325085752475283,demand,2.0
0.5,0.65,143.5952803819641,800.6868222147184,39.99610847799335,103.59917190397076,66.31666666666666,0.33683333333333326,0.4156413576438971,0.580201151367446,0.5843586423561029,0.5786961843370719,0.9077595305842282,0.272961096474782,0.272961096474782,197.4966220134201,197.4966220134201,0.4524814705193611,0.0,0.9,1.0,0.0,0.0,0.0,139.462372404817,147.7372580957423,20,0.0,False,False,0.057626446140249754,demand,2.0
0.6,0.35,133.58707156681137,408.73676916777634,20.432630249061603,113.15444131774976,76.45784313725491,0.23542156862745095,0.5150262451105995,0.596546932993319,0.4849737548894006,0.49887658123963696,0.9085295399868689,0.15772274024214714,0.15772274024214714,158.59948999779175,158.59948999779175,0.779785680953048,0.0,0.9,1.0,0.0,0.0,0.0,132.0980425389737,135.5429363084175,20,0.0,False,False,0.025787628466134176,demand,2.0
0.6,0.4,129.02533349276698,453.43927003003853,22.632257285995436,106.39307620677155,69.04117647058823,0.30958823529411766,0.481528899265124,0.596546932993319,0.518471100734876,0.5585653217216202,0.9091083255632839,0.21755108705543416,0.21755108705543416,164.89391413359965,164.89391413359965,0.6788794337013687,0.0,0.9,1.0,0.0,0.0,0.0,124.67502058490544,132.22391969274327,20,0.0,False,False,0.05850710789490817,demand,2.0
0.6,0.45,128.6748028998959,507.82260785227584,25.378893238388578,103.29590966150731,65.51470588235294,0.3448529411764706,0.458179836877678,0.596546932993319,0.5418201631223221,0.5866253490318649,0.9092057209896319,0.2506946263789858,0.2506946263789858,171.7178117573066,171.7178117573066,0.6046135098434265,0.0,0.9,1.0,0.0,0.0,0.0,124.800057550104,131.26004040372206,20,0.0,False,False,0.05020394597879182,demand,2.0
0.6,0.5,130.0794750509195,568.3789703574399,28.41825037721273,101.66122467370681,63.65980392156863,0.3634019607843137,0.4404203752389508,0.596546932993319,0.5595796247610492,0.6011221832975041,0.909132887644482,0.2710925803136169,0.2710925803136169,178.44718078148045,178.44718078148045,0.5461061790735283,0.0,0.9,1.0,0.0,0.0,0.0,127.34004663215136,135.1180249239613,20,0.0,False,False,0.05979404736039445,demand,2.0
0.6,0.55,132.79652150605608,634.0441440578911,31.730168505954644,101.06635300010144,62.977450980392156,0.3702254901960784,0.4267914875974217,0.596546932993319,0.5732085124025783,0.6064974878249283,0.9091836603096211,0.2818282836725821,0.2818282836725821,184.8985024939168,184.8985024939168,0.4996787080538162,0.0,0.9,1.0,0.0,0.0,0.0,129.62750872849264,137.21005731994964,20,0.0,False,False,0.05709900007517292,demand,2.0
0.6,0.6,135.42429385397395,702.767806491625,35.03244681440167,100.39184703957227,62.49313725490197,0.3750686274509804,0.4152818605598096,0.596546932993319,0.5847181394401904,0.6093537061816894,0.9085405847409213,0.29056367007750905,0.29056367007750905,190.87466860523529,190.87466860523529,0.45974791588081326,0.0,0.9,1.0,0.0,0.0,0.0,131.8139010586927,140.81806644807617,20,0.0,False,False,0.06648855336910624,demand,2.0
0.6,0.65,140.48210567562123,783.745887909273,39.20042067084758,101.28168500477366,63.39705882352941,0.3660294117647059,0.4061504455817421,0.596546932993319,0.5938495544182579,0.6025577715453055,0.9083705521554061,0.28731370926760413,0.28731370926760413,197.09304725303474,197.09304725303474,0.42779492338740194,0.0,0.9,1.0,0.0,0.0,0.0,134.24582173247336,147.23841694748245,20,0.0,False,False,0.09248576644351779,demand,2.0
0.7,0.35,135.05743195606485,401.6651353720141,20.095321517537553,114.96211043852729,78.41960784313726,0.21580392156862743,0.5225023628437997,0.613353217974504,0.4774976371562003,0.48297364542977955,0.908589818460342,0.1455013766871991,0.1455013766871991,158.05231840303335,158.05231840303335,0.7557244337784929,0.0,0.9,1.0,0.0,0.0,0.0,133.2376368024947,136.65434074536768,20,0.0,False,False,0.025298155705969955,demand,2.0
0.7,0.4,130.22042373283367,445.86676202777954,22.368696278418536,107.85172745441514,70.49411764705883,0.29505882352941176,0.4871390340831033,0.613353217974504,0.5128609659168968,0.5475164701965632,0.9092873448822083,0.2066261396476443,0.2066261396476443,164.13106215822705,164.13106215822705,0.6565908427690196,0.0,0.9,1.0,0.0,0.0,0.0,128.1495622266314,133.56463376695862,20,0.0,False,False,0.04158388818820808,demand,2.0
0.7,0.45,128.10149377015824,496.56380120127176,24.811505823825037,103.28998794633318,65.49019607843137,0.34509803921568627,0.46008535405445566,0.613353217974504,0.5399146459455444,0.5869213566158289,0.9093624858761185,0.24848876461738728,0.24848876461738728,170.45110279553543,170.45110279553543,0.5797983082904231,0.0,0.9,1.0,0.0,0.0,0.0,124.36372501584194,132.4857677208195,20,0.0,False,False,0.0634031849741757,demand,2.0
0.7,0.5,129.69352678484216,558.397203250795,28.005905233577703,101.68762155126444,63.39705882352941,0.3660294117647059,0.43991479306412123,0.613353217974504,0.5600852069358788,0.6039929492695154,0.9094110467650024,0.2689367817773135,0.2689367817773135,177.39374333679964,177.39374333679964,0.5221140092500596,0.0,0.9,1.0,0.0,0.0,0.0,126.37976450462136,133.23415249483142,20,0.0,False,False,0.052850656159434156,demand,2.0
0.7,0.55,130.61114520052098,618.319782531162,30.8870230118953,99.72412218862567,61.463725490196076,0.3853627450980392,0.4234742300477358,0.613353217974504,0.5765257699522641,0.6181198345394344,0.909053027512865,0.28811138266323366,0.28811138266323366,183.45622908985638,183.45622908985638,0.4747930874077908,0.0,0.9,1.0,0.0,0.0,0.0,124.96649594711997,134.30348323693752,20,0.0,False,False,0.07148691082589416,demand,2.0
0.7,0.6,133.17162348265737,687.4647558302452,34.27281148882646,98.89881199383089,60.63235294117648,0.3936764705882353,0.4097114712851699,0.613353217974504,0.5902885287148301,0.624182623767356,0.9088617598723729,0.2983655556593531,0.2983655556593531,189.783072421377,189.783072421377,0.4354168783009391,0.0,0.9,1.0,0.0,0.0,0.0,128.0351409908171,137.87261019223183,20,0.0,False,False,0.07387061105172939,demand,2.0
0.7,0.65,137.23676369436038,760.402258302516,38.148823255480295,99.0879404388801,60.9,0.39100000000000007,0.3993349098983741,0.613353217974504,0.6006650901016259,0.6218908482112047,0.9085425676449657,0.299226264879253,0.299226264879253,195.81693854140468,195.81693854140468,0.4058636585535635,0.0,0.9,1.0,0.0,0.0,0.0,130.87452987704017,142.97283895306,20,0.0,False,False,0.08815647316606753,demand,2.0
0.8,0.35,135.98200419320864,393.24136712003906,19.640551209271795,116.34145298393685,80.06960784313726,0.19930392156862742,0.5298734591999786,0.6306329798931225,0.4701265408000214,0.4689736926264404,0.9085462470672494,0.13526242235436287,0.13526242235436287,157.2502542223994,157.2502542223994,0.7286631790059709,0.0,0.9,1.0,0.0,0.0,0.0,134.426703552344,137.40300621542178,20,0.0,False,False,0.021887474601778374,demand,2.0
0.8,0.4,130.61777677301598,438.25691648157397,21.917483544493283,108.7002932285227,71.37450980392157,0.28625490196078435,0.49172290659802237,0.6306329798931225,0.5082770934019776,0.5406092273613166,0.9091222062537891,0.20036355851868026,0.20036355851868026,163.34158003250263,163.34158003250263,0.628111002545263,0.0,0.9,1.0,0.0,0.0,0.0,127.80716180106542,133.5936583356482,20,0.0,False,False,0.04430098779462766,demand,2.0
0.8,0.45,128.12436365794767,486.4695284623509,24.3270616960792,103.79730196186847,65.97843137254901,0.34021568627450977,0.46341905069688016,0.6306329798931225,0.5365809493031198,0.5832690891814292,0.90926778050032,0.2433428367493161,0.2433428367493161,169.32312073461713,169.32312073461713,0.5550375658330151,0.0,0.9,1.0,0.0,0.0,0.0,124.76043436297536,131.5741958087415,20,0.0,False,False,0.05318084126417032,demand,2.0
0.8,0.5,127.92217565773203,544.1207986779851,27.140300532611057,100.78187512512098,62.5313725490196,0.37468627450980396,0.4398825850272873,0.6306329798931225,0.5601174149727128,0.610266794611187,0.9093845168348249,0.27266429824701405,0.27266429824701405,175.8666912178051,175.8666912178051,0.49545841162063625,0.0,0.9,1.0,0.0,0.0,0.0,124.86161084742828,131.63746429173062,20,0.0,False,False,0.05296856005976465,demand,2.0
0.8,0.55,129.60571642300226,604.9776495875152,30.30169573196619,99.30402069103607,60.81666666666666,0.39183333333333337,0.42226298157303727,0.6306329798931225,0.5777370184269628,0.6236462591424081,0.9095050023473379,0.28861200866081876,0.28861200866081876,182.17524633950455,182.17524633950455,0.4515257745098332,0.0,0.9,1.0,0.0,0.0,0.0,125.27287958410726,133.19105850483936,20,0.0,False,False,0.06109436481095516,demand,2.0
0.8,0.6,130.97794453859893,666.9482829573693,33.3352451109808,97.64269942761811,59.221568627450985,0.40778431372549023,0.40685785865677015,0.6306329798931225,0.5931421413432298,0.6349681256192596,0.9090324225585281,0.303648157507529,0.303648157507529,188.0754716152561,188.0754716152561,0.41395180485984195,0.0,0.9,1.0,0.0,0.0,0.0,125.65786592838903,135.992822407664,20,0.0,False,False,0.0789060823612885,demand,2.0
0.8,0.65,134.04859097987907,739.8179505544922,36.96989621132728,97.0786947685518,58.61764705882352,0.41382352941176476,0.3934674401502021,0.6306329798931225,0.6065325598497979,0.6393251991375578,0.908628889281091,0.310688599546938,0.310688599546938,194.4518910317342,194.4518910317342,0.3818993902702149,0.0,0.9,1.0,0.0,0.0,0.0,129.63130797162742,136.83499800714802,20,0.0,False,False,0.05373939392322207,demand,2.0
0.9,0.35,137.22514421499733,384.62366469705756,19.19483147119598,118.03031274380135,82.05392156862744,0.1794607843137255,0.5380957293047067,0.6483995578309835,0.4619042706952933,0.45205558572176985,0.9081672715225005,0.12254459969870315,0.12254459969870315,156.38552938618523,156.38552938618523,0.7011643203639272,0.0,0.9,1.0,0.0,0.0,0.0,133.7328483577889,141.02752843097394,20,0.0,False,False,0.05315847991936607,demand,2.0
0.9,0.4,131.37608814608177,428.7336948719768,21.449941000259358,109.92614714582241,72.77450980392157,0.27225490196078433,0.4984645161612925,0.6483995578309835,0.5015354838387075,0.5292231322003581,0.9090558383935663,0.19051990725647452,0.19051990725647452,162.29313358447354,162.29313358447354,0.6024029576440236,0.0,0.9,1.0,0.0,0.0,0.0,129.1699811501802,134.12746378902656,20,0.0,False,False,0.037735045310025944,demand,2.0
0.9,0.45,128.01750555474635,474.6946715266251,23.73456910515978,104.28293644958656,66.58333333333334,0.3341666666666666,0.4680411766658053,0.6483995578309835,0.5319588233341948,0.5783681012685553,0.9093788755798136,0.23797730310886273,0.23797730310886273,167.99172807958877,167.99172807958877,0.530151282638818,0.0,0.9,1.0,0.0,0.0,0.0,125.46727110290958,130.23338551406053,20,0.0,False,False,0.037230177158175726,demand,2.0
0.9,0.5,128.0197576673468,533.232149764892,26.684631585987024,101.33512608135976,62.95686274509804,0.37043137254901964,0.4425253494059799,0.6483995578309835,0.5574746505940202,0.6074625210525884,0.9092722974456043,0.2671806801785972,0.2671806801785972,174.6873553090529,174.6873553090529,0.47196400180399767,0.0,0.9,1.0,0.0,0.0,0.0,125.26009130615569,131.48931113847092,20,0.0,False,False,0.04865826920639521,demand,2.0
0.9,0.55,127.93794728300013,590.3218887556267,29.429352686135964,98.50859459686417,59.93333333333334,0.40066666666666667,0.42154487497729687,0.6483995578309835,0.5784551250227031,0.630308179061999,0.9094703724666674,0.2920901708721839,0.2920901708721839,180.71043570216392,180.71043570216392,0.4259481799524541,0.0,0.9005000000000001,1.0,0.0,0.0,0.0,124.30037129841686,132.87262592602988,20,0.0,False,False,0.06700322155905081,demand,2.0
0.9,0.6,129.29052369060975,649.9106932973676,32.50524457609366,96.7852791145161,58.19705882352942,0.4180294117647059,0.40504527194757617,0.6483995578309835,0.5949547280524239,0.642897966036643,0.9091871364875261,0.3070336749398915,0.3070336749398915,186.56212034274247,186.56212034274247,0.39109012756142897,0.0,0.9,1.0,0.0,0.0,0.0,125.89613201563134,133.66823088722344,20,0.0,False,False,0.06011344567054753,demand,2.0
0.9,0.65,132.25150284983684,721.8625633358606,36.17368237269618,96.07782047714066,57.32352941176471,0.42676470588235305,0.3900271569992128,0.6483995578309835,0.6099728430007871,0.6495919134801004,0.9091013204766144,0.3151910833100883,0.3151910833100883,193.10894901315118,193.10894901315118,0.36026256234054266,0.0,0.9,1.0,0.0,0.0,0.0,129.0950576488677,135.5480558551076,20,0.0,False,False,0.04879338281370508,demand,2.0
1.0,0.35,138.49534081636602,373.7720119846613,18.66430467200727,119.83103614435875,84.34313725490196,0.1565686274509804,0.5480141304159691,0.6666666666666666,0.4519858695840308,0.4318776239635608,0.9079590895226651,0.10758248709232458,0.10758248709232458,155.18876130306646,155.18876130306646,0.6752472471575484,0.0,0.9,1.0,0.0,0.0,0.0,136.17416791914306,141.30590022695765,20,0.0,False,False,0.037053465319233106,demand,2.0
1.0,0.4,132.08978811269847,418.40884238137005,20.916361582962463,111.17342652973602,74.25,0.2575,0.5058393037514659,0.6666666666666666,0.49416069624853415,0.5169349652689113,0.9086344123270583,0.18026599058822973,0.18026599058822973,161.13584610159504,161.13584610159504,0.5754883141693188,0.0,0.9,1.0,0.0,0.0,0.0,130.94941851674412,133.8739561223781,20,0.0,False,False,0.02214052764729082,demand,2.0
1.0,0.45,128.05851802901913,463.240759818313,23.129943908572315,104.92857412044683,67.36372549019607,0.3263627450980392,0.47336381754633844,0.6666666666666666,0.5266361824536616,0.5720553410790907,0.9093978722464715,0.23180496364991762,0.23180496364991762,166.6952469778709,166.6952469778709,0.5038653194323521,0.0,0.9,1.0,0.0,0.0,0.0,125.07428582804415,130.38296107410505,20,0.0,False,False,0.041455073256883315,demand,2.0
1.0,0.5,127.71792722160839,519.7886389822312,26.05842570425615,101.65950151735225,63.347058823529416,0.3665294117647059,0.446341977990658,0.6666666666666666,0.5536580220093421,0.6044666350620718,0.9096906908412526,0.2626965800838438,0.2626965800838438,173.21808104002312,173.21808104002312,0.44804546216032115,0.0,0.9,1.0,0.0,0.0,0.0,125.90780247238685,129.6912040246341,20,0.0,False,False,0.029623104872994944,demand,2.0
1.0,0.55,127.5109538757547,576.3024162933332,28.834520528076286,98.6764333476784,60.02450980392157,0.39975490196078434,0.4235460313036067,0.6666666666666666,0.5764539686963933,0.6298552695368678,0.9095248335694324,0.28879797967632437,0.28879797967632437,179.2736155461082,179.2736155461082,0.4033587564260143,0.0,0.9,1.0,0.0,0.0,0.0,122.94885529380304,131.12778695572158,20,0.0,False,False,0.06414297292362822,demand,2.0
1.0,0.6,128.15490112589728,636.2527422344864,31.790462313881886,96.3644388120154,57.55588235294117,0.4244411764705883,0.40412434002474457,0.6666666666666666,0.5958756599752555,0.6481499720292225,0.9094522970797874,0.3083827020771788,0.3083827020771788,185.28930126964423,185.28930126964423,0.3672397894221314,0.0,0.9,1.0,0.0,0.0,0.0,125.13727324361393,131.24606128831542,20,0.0,False,False,0.04766722139405586,demand,2.0
1.0,0.65,129.78135945933212,699.4828421940834,35.02244082079962,94.75891863853249,55.94803921568628,0.44051960784313726,0.38788432645767285,0.6666666666666666,0.6121156735423272,0.6595477597081509,0.9090468956152966,0.3213913693885752,0.3213913693885752,191.23264384178822,191.23264384178822,0.3382778230371407,0.0,0.9,1.0,0.0,0.0,0.0,126.4256307194979,133.40252309647607,20,0.0,False,False,0.05375881718332923,demand,2.0
1.25,0.35,143.73958572876467,350.49246415189674,17.558754557359944,126.1808311714047,91.61764705882352,0.0838235294117647,0.57358382470985,0.7146177813721907,0.42641617529014997,0.3692514258801835,0.9074950766641049,0.05849890794563153,0.05849890794563153,152.6679375332665,152.6679375332665,0.5993952790473225,0.0,0.9,1.0,0.0,0.0,0.0,140.72747557686205,147.27883611117178,20,0.0,False,False,0.04557798397076291,demand,2.0
1.25,0.4,135.08395739042115,392.92535960053954,19.607956613179184,115.47600077724196,79.1843137254902,0.20815686274509798,0.5275114390457012,0.7146177813721907,0.4724885609542988,0.47602619964042014,0.90840823646951,0.14646006216366075,0.14646006216366075,158.26152390576385,158.26152390576385,0.5023571273390297,0.0,0.9,1.0,0.0,0.0,0.0,131.31812523701413,136.89794849726738,20,0.0,False,False,0.0413063354675521,demand,2.0
1.25,0.45,130.44586055843033,436.18528287646114,21.851648681573735,108.59421187685658,71.35980392156863,0.28640196078431374,0.49228459195401736,0.7146177813721907,0.5077154080459827,0.5404478506745355,0.9091616371993145,0.20282845436075853,0.20282845436075853,163.63288348747108,163.63288348747108,0.437138337468745,0.0,0.9,1.0,0.0,0.0,0.0,128.44850929399408,132.30491530141788,20,0.0,False,False,0.029563268553825888,demand,2.0
1.25,0.5,127.66452636805077,487.7608919746509,24.377765470313154,103.2867608977376,65.16960784313726,0.3483039215686274,0.4593708469434163,0.7146177813721907,0.5406291530565837,0.5902768762920917,0.9095718711438019,0.24758913470661495,0.24758913470661495,169.67082771883332,169.67082771883332,0.38251676807696683,0.0,0.9,1.0,0.0,0.0,0.0,125.30828440881974,130.19229344456454,20,0.0,False,False,0.038256586811472044,demand,2.0
1.25,0.55,127.05604540071133,541.6833579031234,27.19254689566329,99.86349850504804,61.16960784313726,0.3883039215686274,0.43320420121744724,0.7146177813721907,0.5667957987825527,0.6216425804342183,0.9097601613995888,0.27656847638914855,0.27656847638914855,175.62143421517513,175.62143421517513,0.34294499768831405,0.0,0.9,1.0,0.0,0.0,0.0,123.14807081083744,130.5847243851039,20,0.0,False,False,0.058530497709200886,demand,2.0
1.25,0.6,126.01434696575829,596.6825292455986,29.805649402501615,96.20869756325669,57.22450980392157,0.42775490196078436,0.40857044693057476,0.7146177813721907,0.5914295530694251,0.6509966689821403,0.9095564658268416,0.30528040238505105,0.30528040238505105,181.37992901468633,181.37992901468633,0.30866010358206325,0.0,0.9,1.0,0.0,0.0,0.0,123.6963668538713,129.45318127747768,20,0.0,False,False,0.04568380158467732,demand,2.0
1.25,0.65,126.31865245407946,657.5942101189962,32.794893900853765,93.52375855322569,54.32352941176471,0.4567647058823529,0.38697019293964596,0.7146177813721907,0.613029807060354,0.6722271089765895,0.9095387664956028,0.3260939458606373,0.3260939458606373,187.4351465913102,187.4351465913102,0.2807250695583483,0.0,0.9,1.0,0.0,0.0,0.0,123.54096432442783,130.12719118443786,20,0.0,False,False,0.05213978087997983,demand,2.0
1.5,0.35,148.6975891975017,319.5482470028653,15.981299650255778,132.71628954724594,99.68823529411765,0.0031176470588235323,0.603376914628954,0.7660178601799682,0.396623085371046,0.2961049187813839,0.9060878859002763,0.0023343966620189365,0.0023343966620189365,149.04529914738217,149.04529914738217,0.5114027076416015,0.0,0.9,0.9,0.0,0.0,0.09999999999999999,147.16467858491745,150.05760292868075,20,0.0,False,False,0.019455085717098513,demand,2.0
1.5,0.4,139.033257667998,364.0249543863387,18.115961045696114,120.91729662230186,85.5549019607843,0.14445098039215687,0.5537707176295275,0.7660178601799682,0.44622928237047255,0.4216389901069279,0.9077671320794514,0.10259778031668601,0.10259778031668601,154.9252967043895,154.9252967043895,0.41958430547725467,0.0,0.9,1.0,0.0,0.0,0.0,136.1507700124816,142.2925927107845,20,0.0,False,False,0.04417520528051766,demand,2.0
1.5,0.45,133.7503782133907,407.7510752072336,20.42219381051803,113.32818440287267,76.61372549019607,0.23386274509803923,0.5154876969584958,0.7660178601799682,0.4845123030415041,0.49780483400003517,0.9087276218425047,0.1660959315626498,0.1660959315626498,160.3861372942418,160.3861372942418,0.3604930281619501,0.0,0.9,1.0,0.0,0.0,0.0,130.63689325753637,136.1791159546252,20,0.0,False,False,0.04143706186943662,demand,2.0
1.5,0.5,128.78845438901624,450.8598455136845,22.511352693614807,106.27710169540144,68.77156862745099,0.3122843137254902,0.48053500160104246,0.7660178601799682,0.5194649983989577,0.5611715173104251,0.9093248988633785,0.2219039047737473,0.2219039047737473,165.51392899742365,165.51392899742365,0.31383651082655534,0.0,0.9,1.0,0.0,0.0,0.0,124.5287286243201,132.310766125506,20,0.0,False,False,0.0604249623004219,demand,2.0
1.5,0.55,126.94012044118558,504.67481849004236,25.246901873972956,101.69321856721264,63.273529411764706,0.36726470588235294,0.4485294030656461,0.7660178601799682,0.5514705969343539,0.6052815557811302,0.9095869466408203,0.2603272730182206,0.2603272730182206,171.60877544303474,171.60877544303474,0.2764398952063424,0.0,0.9,1.0,0.0,0.0,0.0,122.75835087652628,131.1792753605446,20,0.0,False,False,0.0663377697669662,demand,2.0
1.5,0.6,124.91731369872093,553.1999597395982,27.659535692337535,97.2577780063834,58.522549019607844,0.4147745098039216,0.4215322021705674,0.7660178601799682,0.5784677978294326,0.6410744268433111,0.9098010446266638,0.2937035979915971,0.2937035979915971,176.8581727529353,176.8581727529353,0.24816198809668025,0.0,0.9,1.0,0.0,0.0,0.0,121.52513469108553,126.86409759950857,20,0.0,False,False,0.04273997535121274,demand,2.0
1.5,0.65,124.90217891063826,617.0880923243265,30.79463651494,94.10754239569827,54.72843137254902,0.4527156862745098,0.3942419555301596,0.7660178601799682,0.6057580444698403,0.6697688101036468,0.9095722703076434,0.3192412169241895,0.3192412169241895,183.46442196606532,183.46442196606532,0.22244893201297894,0.0,0.9,1.0,0.0,0.0,0.0,121.98504096060178,128.52200572006993,20,0.0,False,False,0.05233667512033593,demand,2.0
